{"asctime": "2025-05-01 11:53:03,064", "levelname": "INFO", "name": "__main__", "message": "\u274c Skipping PSPUSDT due to low confidence: 0.00"}
{"asctime": "2025-05-01 11:53:03,280", "levelname": "INFO", "name": "__main__", "message": "\u274c Skipping CWIFUSDT due to low confidence: 0.00"}
{"asctime": "2025-05-01 11:53:03,506", "levelname": "INFO", "name": "__main__", "message": "\u274c Skipping BITCOINUSDT due to low confidence: 0.00"}
{"asctime": "2025-05-01 11:53:03,729", "levelname": "INFO", "name": "__main__", "message": "\u274c Skipping BROCCOLIUSDT due to low confidence: 0.00"}
{"asctime": "2025-05-01 11:53:03,936", "levelname": "INFO", "name": "__main__", "message": "\u274c Skipping TAPUSDT due to low confidence: 0.00"}
{"asctime": "2025-05-01 11:53:04,176", "levelname": "INFO", "name": "__main__", "message": "\u274c Skipping ZEROUSDT due to low confidence: 0.00"}
{"asctime": "2025-05-01 11:53:04,398", "levelname": "INFO", "name": "__main__", "message": "\u274c Skipping ATOMUSDT due to low confidence: 0.00"}
{"asctime": "2025-05-01 11:53:05,150", "levelname": "INFO", "name": "__main__", "message": "\u274c Skipping ARTYUSDT due to low confidence: 0.00"}
{"asctime": "2025-05-01 11:53:05,364", "levelname": "INFO", "name": "__main__", "message": "\u274c Skipping BOOPUSDT due to low confidence: 0.00"}
{"asctime": "2025-05-01 11:53:05,573", "levelname": "INFO", "name": "__main__", "message": "\u274c Skipping AZEROUSDT due to low confidence: 0.00"}
{"asctime": "2025-05-01 13:40:52,584", "levelname": "INFO", "name": "__main__", "message": "\u274c Skipping PSPUSDT due to low ML confidence (0.00)"}
{"asctime": "2025-05-01 13:40:52,800", "levelname": "INFO", "name": "__main__", "message": "\u274c Skipping CWIFUSDT due to low ML confidence (0.00)"}
{"asctime": "2025-05-01 13:40:53,022", "levelname": "INFO", "name": "__main__", "message": "\u274c Skipping BITCOINUSDT due to low ML confidence (0.00)"}
{"asctime": "2025-05-01 13:40:53,249", "levelname": "INFO", "name": "__main__", "message": "\u274c Skipping BROCCOLIUSDT due to low ML confidence (0.00)"}
{"asctime": "2025-05-01 13:40:53,465", "levelname": "INFO", "name": "__main__", "message": "\u274c Skipping TAPUSDT due to low ML confidence (0.00)"}
{"asctime": "2025-05-01 13:40:53,677", "levelname": "INFO", "name": "__main__", "message": "\u274c Skipping ZEROUSDT due to low ML confidence (0.00)"}
{"asctime": "2025-05-01 13:40:53,905", "levelname": "INFO", "name": "__main__", "message": "\u274c Skipping ATOMUSDT due to low ML confidence (0.00)"}
{"asctime": "2025-05-01 13:40:54,118", "levelname": "INFO", "name": "__main__", "message": "\u274c Skipping ARTYUSDT due to low ML confidence (0.00)"}
{"asctime": "2025-05-01 13:40:54,460", "levelname": "INFO", "name": "__main__", "message": "\u274c Skipping BOOPUSDT due to low ML confidence (0.00)"}
{"asctime": "2025-05-01 13:40:54,672", "levelname": "INFO", "name": "__main__", "message": "\u274c Skipping AZEROUSDT due to low ML confidence (0.00)"}
{"asctime": "2025-05-01 18:49:02,637", "levelname": "INFO", "name": "__main__", "message": "\ud83d\udcdd Pairs to test: []"}
{"asctime": "2025-05-01 18:49:10,497", "levelname": "INFO", "name": "__main__", "message": "\ud83d\udcdd Pairs to test: []"}
{"asctime": "2025-05-01 19:01:29,050", "levelname": "INFO", "name": "__main__", "message": "\ud83d\udcdd Pairs to test: []"}
{"asctime": "2025-05-01 19:01:33,217", "levelname": "INFO", "name": "__main__", "message": "\ud83d\udcdd Pairs to test: []"}
{"asctime": "2025-05-01 19:01:33,394", "levelname": "INFO", "name": "__main__", "message": "\ud83d\udcdd Pairs to test: []"}
{"asctime": "2025-05-01 19:01:33,548", "levelname": "INFO", "name": "__main__", "message": "\ud83d\udcdd Pairs to test: []"}
{"asctime": "2025-05-01 19:01:33,676", "levelname": "INFO", "name": "__main__", "message": "\ud83d\udcdd Pairs to test: []"}
{"asctime": "2025-05-01 19:01:54,761", "levelname": "INFO", "name": "__main__", "message": "\ud83d\udcdd Pairs to test: []"}
{"asctime": "2025-05-01 19:13:29,468", "levelname": "INFO", "name": "__main__", "message": "\ud83d\udcdd Pairs to test: []"}
{"asctime": "2025-05-01 19:13:29,469", "levelname": "WARNING", "name": "__main__", "message": "\u26a0\ufe0f No trading pairs found. Falling back to default."}
{"asctime": "2025-05-01 19:13:29,470", "levelname": "INFO", "name": "__main__", "message": "\u2705 Fallback pairs applied: ['BTCUSDT', 'ETHUSDT', 'LTCUSDT']"}
{"asctime": "2025-05-01 19:13:29,471", "levelname": "INFO", "name": "__main__", "message": "\ud83d\udd0d Testing pair: BTCUSDT"}
{"asctime": "2025-05-01 19:13:29,472", "levelname": "ERROR", "name": "__main__", "message": "Backtest execution error", "exc_info": "Traceback (most recent call last):\n  File \"C:\\Users\\jsmet\\Documents\\OnlyFunds\\(CURRENT) OnlyFunds\\main.py\", line 639, in <module>\n    if pair in BLACKLISTED_TOKENS:\nNameError: name 'BLACKLISTED_TOKENS' is not defined"}
{"asctime": "2025-05-01 19:19:44,987", "levelname": "INFO", "name": "__main__", "message": "\ud83d\udcdd Pairs to test: []"}
{"asctime": "2025-05-01 19:19:44,988", "levelname": "WARNING", "name": "__main__", "message": "\u26a0\ufe0f No trading pairs found. Falling back to default."}
{"asctime": "2025-05-01 19:19:44,989", "levelname": "INFO", "name": "__main__", "message": "\u2705 Fallback pairs applied: ['BTCUSDT', 'ETHUSDT', 'LTCUSDT']"}
{"asctime": "2025-05-01 19:19:44,990", "levelname": "INFO", "name": "__main__", "message": "\ud83d\udd0d Testing pair: BTCUSDT"}
{"asctime": "2025-05-01 19:19:44,991", "levelname": "INFO", "name": "__main__", "message": "\u2705 Pair BTCUSDT passed blacklist check"}
{"asctime": "2025-05-01 19:19:45,306", "levelname": "INFO", "name": "__main__", "message": "\u2705 Data fetched for BTCUSDT, 1000 rows"}
{"asctime": "2025-05-01 19:19:45,345", "levelname": "INFO", "name": "__main__", "message": "\u2705 Signal generated for BTCUSDT"}
{"asctime": "2025-05-01 19:19:45,346", "levelname": "INFO", "name": "__main__", "message": "\ud83d\udd0e Confidence for BTCUSDT: 0.00"}
{"asctime": "2025-05-01 19:19:45,347", "levelname": "INFO", "name": "__main__", "message": "\u274c Skipping BTCUSDT due to low confidence: 0.00"}
{"asctime": "2025-05-01 19:19:45,347", "levelname": "INFO", "name": "__main__", "message": "\ud83d\udd0d Testing pair: ETHUSDT"}
{"asctime": "2025-05-01 19:19:45,348", "levelname": "INFO", "name": "__main__", "message": "\u2705 Pair ETHUSDT passed blacklist check"}
{"asctime": "2025-05-01 19:19:45,542", "levelname": "INFO", "name": "__main__", "message": "\u2705 Data fetched for ETHUSDT, 1000 rows"}
{"asctime": "2025-05-01 19:19:45,562", "levelname": "INFO", "name": "__main__", "message": "\u2705 Signal generated for ETHUSDT"}
{"asctime": "2025-05-01 19:19:45,563", "levelname": "INFO", "name": "__main__", "message": "\ud83d\udd0e Confidence for ETHUSDT: 0.00"}
{"asctime": "2025-05-01 19:19:45,564", "levelname": "INFO", "name": "__main__", "message": "\u274c Skipping ETHUSDT due to low confidence: 0.00"}
{"asctime": "2025-05-01 19:19:45,565", "levelname": "INFO", "name": "__main__", "message": "\ud83d\udd0d Testing pair: LTCUSDT"}
{"asctime": "2025-05-01 19:19:45,566", "levelname": "INFO", "name": "__main__", "message": "\u2705 Pair LTCUSDT passed blacklist check"}
{"asctime": "2025-05-01 19:19:45,778", "levelname": "INFO", "name": "__main__", "message": "\u2705 Data fetched for LTCUSDT, 1000 rows"}
{"asctime": "2025-05-01 19:19:45,797", "levelname": "INFO", "name": "__main__", "message": "\u2705 Signal generated for LTCUSDT"}
{"asctime": "2025-05-01 19:19:45,799", "levelname": "INFO", "name": "__main__", "message": "\ud83d\udd0e Confidence for LTCUSDT: 0.00"}
{"asctime": "2025-05-01 19:19:45,799", "levelname": "INFO", "name": "__main__", "message": "\u274c Skipping LTCUSDT due to low confidence: 0.00"}
{"asctime": "2025-05-02 11:30:08,749", "levelname": "INFO", "name": "__main__", "message": "\ud83d\udcdd Pairs to test: []"}
{"asctime": "2025-05-02 11:30:08,752", "levelname": "WARNING", "name": "__main__", "message": "\u26a0\ufe0f No trading pairs found. Falling back to default."}
{"asctime": "2025-05-02 11:30:08,753", "levelname": "INFO", "name": "__main__", "message": "\u2705 Fallback pairs applied: ['BTCUSDT', 'ETHUSDT', 'LTCUSDT']"}
{"asctime": "2025-05-02 11:30:08,754", "levelname": "INFO", "name": "__main__", "message": "\ud83d\udd0d Testing pair: BTCUSDT"}
{"asctime": "2025-05-02 11:30:08,755", "levelname": "INFO", "name": "__main__", "message": "\u2705 Pair BTCUSDT passed blacklist check"}
{"asctime": "2025-05-02 11:30:08,956", "levelname": "INFO", "name": "__main__", "message": "\u2705 Data fetched for BTCUSDT, 1000 rows"}
{"asctime": "2025-05-02 11:30:08,990", "levelname": "INFO", "name": "__main__", "message": "\u2705 Signal generated for BTCUSDT"}
{"asctime": "2025-05-02 11:30:08,992", "levelname": "INFO", "name": "__main__", "message": "\ud83d\udd0e Confidence for BTCUSDT: 0.00"}
{"asctime": "2025-05-02 11:30:08,993", "levelname": "INFO", "name": "__main__", "message": "\u274c Skipping BTCUSDT due to low confidence: 0.00"}
{"asctime": "2025-05-02 11:30:08,994", "levelname": "INFO", "name": "__main__", "message": "\ud83d\udd0d Testing pair: ETHUSDT"}
{"asctime": "2025-05-02 11:30:08,996", "levelname": "INFO", "name": "__main__", "message": "\u2705 Pair ETHUSDT passed blacklist check"}
{"asctime": "2025-05-02 11:30:09,191", "levelname": "INFO", "name": "__main__", "message": "\u2705 Data fetched for ETHUSDT, 1000 rows"}
{"asctime": "2025-05-02 11:30:09,215", "levelname": "INFO", "name": "__main__", "message": "\u2705 Signal generated for ETHUSDT"}
{"asctime": "2025-05-02 11:30:09,216", "levelname": "INFO", "name": "__main__", "message": "\ud83d\udd0e Confidence for ETHUSDT: 0.00"}
{"asctime": "2025-05-02 11:30:09,217", "levelname": "INFO", "name": "__main__", "message": "\u274c Skipping ETHUSDT due to low confidence: 0.00"}
{"asctime": "2025-05-02 11:30:09,217", "levelname": "INFO", "name": "__main__", "message": "\ud83d\udd0d Testing pair: LTCUSDT"}
{"asctime": "2025-05-02 11:30:09,218", "levelname": "INFO", "name": "__main__", "message": "\u2705 Pair LTCUSDT passed blacklist check"}
{"asctime": "2025-05-02 11:30:09,685", "levelname": "INFO", "name": "__main__", "message": "\u2705 Data fetched for LTCUSDT, 1000 rows"}
{"asctime": "2025-05-02 11:30:09,711", "levelname": "INFO", "name": "__main__", "message": "\u2705 Signal generated for LTCUSDT"}
{"asctime": "2025-05-02 11:30:09,713", "levelname": "INFO", "name": "__main__", "message": "\ud83d\udd0e Confidence for LTCUSDT: 0.00"}
{"asctime": "2025-05-02 11:30:09,714", "levelname": "INFO", "name": "__main__", "message": "\u274c Skipping LTCUSDT due to low confidence: 0.00"}
{"asctime": "2025-05-02 11:42:01,899", "levelname": "INFO", "name": "__main__", "message": "\ud83d\udcdd Pairs to test: []"}
{"asctime": "2025-05-02 11:42:01,900", "levelname": "WARNING", "name": "__main__", "message": "\u26a0\ufe0f No trading pairs found. Falling back to default."}
{"asctime": "2025-05-02 11:42:01,901", "levelname": "INFO", "name": "__main__", "message": "\u2705 Fallback pairs applied: ['BTCUSDT', 'ETHUSDT', 'LTCUSDT']"}
{"asctime": "2025-05-02 11:42:01,902", "levelname": "INFO", "name": "__main__", "message": "\ud83d\udd0d Testing pair: BTCUSDT"}
{"asctime": "2025-05-02 11:42:01,904", "levelname": "INFO", "name": "__main__", "message": "\u2705 Pair BTCUSDT passed blacklist check"}
{"asctime": "2025-05-02 11:42:02,094", "levelname": "INFO", "name": "__main__", "message": "\u2705 Data fetched for BTCUSDT, 1000 rows"}
{"asctime": "2025-05-02 11:42:02,125", "levelname": "INFO", "name": "__main__", "message": "\u2705 Signal generated for BTCUSDT"}
{"asctime": "2025-05-02 11:42:02,127", "levelname": "INFO", "name": "__main__", "message": "\ud83d\udd0e Confidence for BTCUSDT: 0.00"}
{"asctime": "2025-05-02 11:42:02,128", "levelname": "INFO", "name": "__main__", "message": "\u274c Skipping BTCUSDT due to low confidence: 0.00"}
{"asctime": "2025-05-02 11:42:02,128", "levelname": "INFO", "name": "__main__", "message": "\ud83d\udd0d Testing pair: ETHUSDT"}
{"asctime": "2025-05-02 11:42:02,130", "levelname": "INFO", "name": "__main__", "message": "\u2705 Pair ETHUSDT passed blacklist check"}
{"asctime": "2025-05-02 11:42:02,315", "levelname": "INFO", "name": "__main__", "message": "\u2705 Data fetched for ETHUSDT, 1000 rows"}
{"asctime": "2025-05-02 11:42:02,336", "levelname": "INFO", "name": "__main__", "message": "\u2705 Signal generated for ETHUSDT"}
{"asctime": "2025-05-02 11:42:02,338", "levelname": "INFO", "name": "__main__", "message": "\ud83d\udd0e Confidence for ETHUSDT: 0.00"}
{"asctime": "2025-05-02 11:42:02,339", "levelname": "INFO", "name": "__main__", "message": "\u274c Skipping ETHUSDT due to low confidence: 0.00"}
{"asctime": "2025-05-02 11:42:02,339", "levelname": "INFO", "name": "__main__", "message": "\ud83d\udd0d Testing pair: LTCUSDT"}
{"asctime": "2025-05-02 11:42:02,340", "levelname": "INFO", "name": "__main__", "message": "\u2705 Pair LTCUSDT passed blacklist check"}
{"asctime": "2025-05-02 11:42:02,532", "levelname": "INFO", "name": "__main__", "message": "\u2705 Data fetched for LTCUSDT, 1000 rows"}
{"asctime": "2025-05-02 11:42:02,554", "levelname": "INFO", "name": "__main__", "message": "\u2705 Signal generated for LTCUSDT"}
{"asctime": "2025-05-02 11:42:02,556", "levelname": "INFO", "name": "__main__", "message": "\ud83d\udd0e Confidence for LTCUSDT: 0.00"}
{"asctime": "2025-05-02 11:42:02,557", "levelname": "INFO", "name": "__main__", "message": "\u274c Skipping LTCUSDT due to low confidence: 0.00"}
{"asctime": "2025-05-02 12:43:33,095", "levelname": "INFO", "name": "__main__", "message": "\ud83d\udcdd Pairs to test: []"}
{"asctime": "2025-05-02 12:43:33,096", "levelname": "WARNING", "name": "__main__", "message": "\u26a0\ufe0f No trading pairs found. Falling back to default."}
{"asctime": "2025-05-02 12:43:33,097", "levelname": "INFO", "name": "__main__", "message": "\u2705 Fallback pairs applied: ['BTCUSDT', 'ETHUSDT', 'LTCUSDT']"}
{"asctime": "2025-05-02 12:43:33,099", "levelname": "INFO", "name": "__main__", "message": "\ud83d\udd0d Testing pair: BTCUSDT"}
{"asctime": "2025-05-02 12:43:33,101", "levelname": "INFO", "name": "__main__", "message": "\u2705 Pair BTCUSDT passed blacklist check"}
{"asctime": "2025-05-02 12:43:33,307", "levelname": "INFO", "name": "__main__", "message": "\u2705 Data fetched for BTCUSDT, 1000 rows."}
{"asctime": "2025-05-02 12:43:33,337", "levelname": "INFO", "name": "__main__", "message": "\u2705 Signal generated for BTCUSDT"}
{"asctime": "2025-05-02 12:43:33,340", "levelname": "INFO", "name": "__main__", "message": "\ud83d\udd0e Confidence for BTCUSDT: 0.00"}
{"asctime": "2025-05-02 12:43:33,341", "levelname": "INFO", "name": "__main__", "message": "\u274c Skipping BTCUSDT due to low confidence: 0.00"}
{"asctime": "2025-05-02 12:43:33,342", "levelname": "INFO", "name": "__main__", "message": "\ud83d\udd0d Testing pair: ETHUSDT"}
{"asctime": "2025-05-02 12:43:33,343", "levelname": "INFO", "name": "__main__", "message": "\u2705 Pair ETHUSDT passed blacklist check"}
{"asctime": "2025-05-02 12:43:33,533", "levelname": "INFO", "name": "__main__", "message": "\u2705 Data fetched for ETHUSDT, 1000 rows."}
{"asctime": "2025-05-02 12:43:33,558", "levelname": "INFO", "name": "__main__", "message": "\u2705 Signal generated for ETHUSDT"}
{"asctime": "2025-05-02 12:43:33,559", "levelname": "INFO", "name": "__main__", "message": "\ud83d\udd0e Confidence for ETHUSDT: 0.00"}
{"asctime": "2025-05-02 12:43:33,560", "levelname": "INFO", "name": "__main__", "message": "\u274c Skipping ETHUSDT due to low confidence: 0.00"}
{"asctime": "2025-05-02 12:43:33,561", "levelname": "INFO", "name": "__main__", "message": "\ud83d\udd0d Testing pair: LTCUSDT"}
{"asctime": "2025-05-02 12:43:33,561", "levelname": "INFO", "name": "__main__", "message": "\u2705 Pair LTCUSDT passed blacklist check"}
{"asctime": "2025-05-02 12:43:33,752", "levelname": "INFO", "name": "__main__", "message": "\u2705 Data fetched for LTCUSDT, 1000 rows."}
{"asctime": "2025-05-02 12:43:33,775", "levelname": "INFO", "name": "__main__", "message": "\u2705 Signal generated for LTCUSDT"}
{"asctime": "2025-05-02 12:43:33,776", "levelname": "INFO", "name": "__main__", "message": "\ud83d\udd0e Confidence for LTCUSDT: 0.00"}
{"asctime": "2025-05-02 12:43:33,777", "levelname": "INFO", "name": "__main__", "message": "\u274c Skipping LTCUSDT due to low confidence: 0.00"}
{"asctime": "2025-05-02 12:58:45,367", "levelname": "INFO", "name": "__main__", "message": "\ud83d\udcdd Pairs to test: []"}
{"asctime": "2025-05-02 12:58:45,368", "levelname": "WARNING", "name": "__main__", "message": "\u26a0\ufe0f No trading pairs found. Falling back to default."}
{"asctime": "2025-05-02 12:58:45,369", "levelname": "INFO", "name": "__main__", "message": "\u2705 Fallback pairs applied: ['BTCUSDT', 'ETHUSDT', 'LTCUSDT']"}
{"asctime": "2025-05-02 12:58:45,370", "levelname": "INFO", "name": "__main__", "message": "\ud83d\udd0d Testing pair: BTCUSDT"}
{"asctime": "2025-05-02 12:58:45,557", "levelname": "INFO", "name": "__main__", "message": "\u2705 Data fetched for BTCUSDT, 1000 rows"}
{"asctime": "2025-05-02 12:58:45,586", "levelname": "INFO", "name": "__main__", "message": "\u2705 Signal generated for BTCUSDT"}
{"asctime": "2025-05-02 12:58:45,588", "levelname": "INFO", "name": "__main__", "message": "\ud83d\udd0e Confidence for BTCUSDT: 0.00"}
{"asctime": "2025-05-02 12:58:45,589", "levelname": "INFO", "name": "__main__", "message": "\u274c Skipping BTCUSDT due to low confidence: 0.00"}
{"asctime": "2025-05-02 12:58:45,592", "levelname": "INFO", "name": "__main__", "message": "\ud83d\udd0d Testing pair: ETHUSDT"}
{"asctime": "2025-05-02 12:58:46,081", "levelname": "INFO", "name": "__main__", "message": "\u2705 Data fetched for ETHUSDT, 1000 rows"}
{"asctime": "2025-05-02 12:58:46,103", "levelname": "INFO", "name": "__main__", "message": "\u2705 Signal generated for ETHUSDT"}
{"asctime": "2025-05-02 12:58:46,105", "levelname": "INFO", "name": "__main__", "message": "\ud83d\udd0e Confidence for ETHUSDT: 0.00"}
{"asctime": "2025-05-02 12:58:46,106", "levelname": "INFO", "name": "__main__", "message": "\u274c Skipping ETHUSDT due to low confidence: 0.00"}
{"asctime": "2025-05-02 12:58:46,108", "levelname": "INFO", "name": "__main__", "message": "\ud83d\udd0d Testing pair: LTCUSDT"}
{"asctime": "2025-05-02 12:58:46,297", "levelname": "INFO", "name": "__main__", "message": "\u2705 Data fetched for LTCUSDT, 1000 rows"}
{"asctime": "2025-05-02 12:58:46,323", "levelname": "INFO", "name": "__main__", "message": "\u2705 Signal generated for LTCUSDT"}
{"asctime": "2025-05-02 12:58:46,325", "levelname": "INFO", "name": "__main__", "message": "\ud83d\udd0e Confidence for LTCUSDT: 0.00"}
{"asctime": "2025-05-02 12:58:46,326", "levelname": "INFO", "name": "__main__", "message": "\u274c Skipping LTCUSDT due to low confidence: 0.00"}
{"asctime": "2025-05-02 13:12:27,207", "levelname": "INFO", "name": "__main__", "message": "\u2705 META_MODEL loaded successfully."}
{"asctime": "2025-05-02 13:12:39,779", "levelname": "INFO", "name": "__main__", "message": "\u2705 META_MODEL loaded successfully."}
{"asctime": "2025-05-02 13:12:39,802", "levelname": "INFO", "name": "__main__", "message": "\ud83d\udcdd Pairs to test: []"}
{"asctime": "2025-05-02 13:12:39,803", "levelname": "WARNING", "name": "__main__", "message": "\u26a0\ufe0f No trading pairs found. Falling back to default."}
{"asctime": "2025-05-02 13:12:39,803", "levelname": "INFO", "name": "__main__", "message": "\u2705 Fallback pairs applied: ['BTCUSDT', 'ETHUSDT', 'LTCUSDT']"}
{"asctime": "2025-05-02 13:12:39,805", "levelname": "INFO", "name": "__main__", "message": "\ud83d\udd0d Testing pair: BTCUSDT"}
{"asctime": "2025-05-02 13:12:39,996", "levelname": "INFO", "name": "__main__", "message": "\u2705 Data fetched for BTCUSDT, 1000 rows"}
{"asctime": "2025-05-02 13:12:40,028", "levelname": "INFO", "name": "__main__", "message": "\u2705 Signal generated for BTCUSDT"}
{"asctime": "2025-05-02 13:12:40,029", "levelname": "INFO", "name": "__main__", "message": "\ud83d\udd0e Confidence for BTCUSDT: 0.00"}
{"asctime": "2025-05-02 13:12:40,030", "levelname": "INFO", "name": "__main__", "message": "\u274c Skipping BTCUSDT due to low confidence: 0.00"}
{"asctime": "2025-05-02 13:12:40,032", "levelname": "INFO", "name": "__main__", "message": "\ud83d\udd0d Testing pair: ETHUSDT"}
{"asctime": "2025-05-02 13:12:40,220", "levelname": "INFO", "name": "__main__", "message": "\u2705 Data fetched for ETHUSDT, 1000 rows"}
{"asctime": "2025-05-02 13:12:40,247", "levelname": "INFO", "name": "__main__", "message": "\u2705 Signal generated for ETHUSDT"}
{"asctime": "2025-05-02 13:12:40,248", "levelname": "INFO", "name": "__main__", "message": "\ud83d\udd0e Confidence for ETHUSDT: 0.00"}
{"asctime": "2025-05-02 13:12:40,249", "levelname": "INFO", "name": "__main__", "message": "\u274c Skipping ETHUSDT due to low confidence: 0.00"}
{"asctime": "2025-05-02 13:12:40,250", "levelname": "INFO", "name": "__main__", "message": "\ud83d\udd0d Testing pair: LTCUSDT"}
{"asctime": "2025-05-02 13:12:40,437", "levelname": "INFO", "name": "__main__", "message": "\u2705 Data fetched for LTCUSDT, 1000 rows"}
{"asctime": "2025-05-02 13:12:40,463", "levelname": "INFO", "name": "__main__", "message": "\u2705 Signal generated for LTCUSDT"}
{"asctime": "2025-05-02 13:12:40,465", "levelname": "INFO", "name": "__main__", "message": "\ud83d\udd0e Confidence for LTCUSDT: 0.00"}
{"asctime": "2025-05-02 13:12:40,466", "levelname": "INFO", "name": "__main__", "message": "\u274c Skipping LTCUSDT due to low confidence: 0.00"}
{"asctime": "2025-05-02 13:48:27,735", "levelname": "INFO", "name": "__main__", "message": "\u2705 META_MODEL loaded successfully."}
{"asctime": "2025-05-02 13:48:42,278", "levelname": "INFO", "name": "__main__", "message": "\u2705 META_MODEL loaded successfully."}
{"asctime": "2025-05-02 13:48:42,301", "levelname": "INFO", "name": "__main__", "message": "\ud83d\udcdd Pairs to test: []"}
{"asctime": "2025-05-02 13:48:42,302", "levelname": "WARNING", "name": "__main__", "message": "\u26a0\ufe0f No trading pairs found. Falling back to default."}
{"asctime": "2025-05-02 13:48:42,303", "levelname": "INFO", "name": "__main__", "message": "\u2705 Fallback pairs applied: ['BTCUSDT', 'ETHUSDT', 'LTCUSDT']"}
{"asctime": "2025-05-02 13:48:42,304", "levelname": "INFO", "name": "__main__", "message": "\ud83d\udd0d Testing pair: BTCUSDT"}
{"asctime": "2025-05-02 13:48:42,493", "levelname": "INFO", "name": "__main__", "message": "\u2705 Data fetched for BTCUSDT, 1000 rows"}
{"asctime": "2025-05-02 13:48:42,519", "levelname": "INFO", "name": "__main__", "message": "\u2705 Signal generated for BTCUSDT"}
{"asctime": "2025-05-02 13:48:42,521", "levelname": "INFO", "name": "__main__", "message": "\ud83d\udd0d DF columns before ML confidence: ['Open', 'High', 'Low', 'Close', 'Volume', 'rsi', 'macd', 'macd_signal', 'bollinger_mid', 'bollinger_upper', 'bollinger_lower', 'ema', 'ema_diff', 'volatility', 'ATR', 'rsi_z', 'macd_z', 'ema_diff_z', 'volatility_z', 'indicator']"}
{"asctime": "2025-05-02 13:48:42,522", "levelname": "INFO", "name": "__main__", "message": "\ud83d\udd0e Confidence for BTCUSDT: 0.00"}
{"asctime": "2025-05-02 13:48:42,524", "levelname": "INFO", "name": "__main__", "message": "\u274c Skipping BTCUSDT due to low confidence: 0.00"}
{"asctime": "2025-05-02 13:48:42,525", "levelname": "INFO", "name": "__main__", "message": "\ud83d\udd0d Testing pair: ETHUSDT"}
{"asctime": "2025-05-02 13:48:42,720", "levelname": "INFO", "name": "__main__", "message": "\u2705 Data fetched for ETHUSDT, 1000 rows"}
{"asctime": "2025-05-02 13:48:42,741", "levelname": "INFO", "name": "__main__", "message": "\u2705 Signal generated for ETHUSDT"}
{"asctime": "2025-05-02 13:48:42,743", "levelname": "INFO", "name": "__main__", "message": "\ud83d\udd0d DF columns before ML confidence: ['Open', 'High', 'Low', 'Close', 'Volume', 'rsi', 'macd', 'macd_signal', 'bollinger_mid', 'bollinger_upper', 'bollinger_lower', 'ema', 'ema_diff', 'volatility', 'ATR', 'rsi_z', 'macd_z', 'ema_diff_z', 'volatility_z', 'indicator']"}
{"asctime": "2025-05-02 13:48:42,744", "levelname": "INFO", "name": "__main__", "message": "\ud83d\udd0e Confidence for ETHUSDT: 0.00"}
{"asctime": "2025-05-02 13:48:42,746", "levelname": "INFO", "name": "__main__", "message": "\u274c Skipping ETHUSDT due to low confidence: 0.00"}
{"asctime": "2025-05-02 13:48:42,747", "levelname": "INFO", "name": "__main__", "message": "\ud83d\udd0d Testing pair: LTCUSDT"}
{"asctime": "2025-05-02 13:48:42,941", "levelname": "INFO", "name": "__main__", "message": "\u2705 Data fetched for LTCUSDT, 1000 rows"}
{"asctime": "2025-05-02 13:48:42,964", "levelname": "INFO", "name": "__main__", "message": "\u2705 Signal generated for LTCUSDT"}
{"asctime": "2025-05-02 13:48:42,966", "levelname": "INFO", "name": "__main__", "message": "\ud83d\udd0d DF columns before ML confidence: ['Open', 'High', 'Low', 'Close', 'Volume', 'rsi', 'macd', 'macd_signal', 'bollinger_mid', 'bollinger_upper', 'bollinger_lower', 'ema', 'ema_diff', 'volatility', 'ATR', 'rsi_z', 'macd_z', 'ema_diff_z', 'volatility_z', 'indicator']"}
{"asctime": "2025-05-02 13:48:42,967", "levelname": "INFO", "name": "__main__", "message": "\ud83d\udd0e Confidence for LTCUSDT: 0.00"}
{"asctime": "2025-05-02 13:48:42,968", "levelname": "INFO", "name": "__main__", "message": "\u274c Skipping LTCUSDT due to low confidence: 0.00"}
{"asctime": "2025-05-02 14:27:18,330", "levelname": "INFO", "name": "__main__", "message": "\u2705 META_MODEL loaded successfully."}
{"asctime": "2025-05-02 14:27:22,390", "levelname": "INFO", "name": "__main__", "message": "\u2705 META_MODEL loaded successfully."}
{"asctime": "2025-05-02 14:27:22,409", "levelname": "INFO", "name": "__main__", "message": "\ud83d\udcdd Pairs to test: []"}
{"asctime": "2025-05-02 14:27:22,410", "levelname": "WARNING", "name": "__main__", "message": "\u26a0\ufe0f No trading pairs found. Falling back to default."}
{"asctime": "2025-05-02 14:27:22,411", "levelname": "INFO", "name": "__main__", "message": "\u2705 Fallback pairs applied: ['BTCUSDT', 'ETHUSDT', 'LTCUSDT']"}
{"asctime": "2025-05-02 14:27:22,412", "levelname": "INFO", "name": "__main__", "message": "\ud83d\udd0d Testing pair: BTCUSDT"}
{"asctime": "2025-05-02 14:27:22,611", "levelname": "INFO", "name": "__main__", "message": "\u2705 Data fetched for BTCUSDT, 1000 rows"}
{"asctime": "2025-05-02 14:27:22,645", "levelname": "INFO", "name": "__main__", "message": "\u2705 Signal generated for BTCUSDT"}
{"asctime": "2025-05-02 14:27:22,648", "levelname": "INFO", "name": "__main__", "message": "\ud83d\udd0d DF columns before ML confidence: ['Open', 'High', 'Low', 'Close', 'Volume', 'rsi', 'macd', 'macd_signal', 'bollinger_mid', 'bollinger_upper', 'bollinger_lower', 'ema', 'ema_diff', 'volatility', 'ATR', 'rsi_z', 'macd_z', 'ema_diff_z', 'volatility_z', 'indicator']"}
{"asctime": "2025-05-02 14:27:22,680", "levelname": "INFO", "name": "core.ml_filter", "message": "\ud83d\udd0e Feature values preview (last 5 rows):\n                           rsi      macd  macd_signal  bollinger_mid  ...    macd_z  ema_diff_z  volatility_z  indicator\nTimestamp                                                             ...                                               \n2025-05-02 04:05:00  68.085722  5.231583    75.100935     97041.1925  ...  0.193611    0.628514     -0.680461   0.282393\n2025-05-02 04:10:00  62.333861  2.850962    75.813676     97050.3070  ...  0.114731    0.319733     -0.748718   0.064383\n2025-05-02 04:15:00  60.100863 -0.724964    75.632435     97060.4485  ... -0.003754    0.177824     -0.876904  -0.073149\n2025-05-02 04:20:00  60.100863 -3.617808    74.727983     97071.6835  ... -0.099606    0.144322     -1.086153  -0.157800\n2025-05-02 04:25:00  58.619355 -6.678855    73.058269     97080.8495  ... -0.201031    0.056286     -1.096881  -0.234642\n\n[5 rows x 15 columns]"}
{"asctime": "2025-05-02 14:27:22,682", "levelname": "INFO", "name": "core.ml_filter", "message": "\ud83d\udd0e Passing 1000 samples to ML model for confidence prediction."}
{"asctime": "2025-05-02 14:27:22,683", "levelname": "INFO", "name": "core.ml_filter", "message": "\u2705 Model confidence: 0.0000"}
{"asctime": "2025-05-02 14:27:22,683", "levelname": "INFO", "name": "__main__", "message": "\ud83d\udd0e Confidence for BTCUSDT: 0.00"}
{"asctime": "2025-05-02 14:27:22,685", "levelname": "INFO", "name": "__main__", "message": "\u274c Skipping BTCUSDT due to low confidence: 0.00"}
{"asctime": "2025-05-02 14:27:22,687", "levelname": "INFO", "name": "__main__", "message": "\ud83d\udd0d Testing pair: ETHUSDT"}
{"asctime": "2025-05-02 14:27:22,878", "levelname": "INFO", "name": "__main__", "message": "\u2705 Data fetched for ETHUSDT, 1000 rows"}
{"asctime": "2025-05-02 14:27:22,907", "levelname": "INFO", "name": "__main__", "message": "\u2705 Signal generated for ETHUSDT"}
{"asctime": "2025-05-02 14:27:22,908", "levelname": "INFO", "name": "__main__", "message": "\ud83d\udd0d DF columns before ML confidence: ['Open', 'High', 'Low', 'Close', 'Volume', 'rsi', 'macd', 'macd_signal', 'bollinger_mid', 'bollinger_upper', 'bollinger_lower', 'ema', 'ema_diff', 'volatility', 'ATR', 'rsi_z', 'macd_z', 'ema_diff_z', 'volatility_z', 'indicator']"}
{"asctime": "2025-05-02 14:27:22,925", "levelname": "INFO", "name": "core.ml_filter", "message": "\ud83d\udd0e Feature values preview (last 5 rows):\n                           rsi      macd  macd_signal  bollinger_mid  ...    macd_z  ema_diff_z  volatility_z  indicator\nTimestamp                                                             ...                                               \n2025-05-02 04:05:00  57.206621 -0.020746     0.993723      1846.8690  ...  0.010826    0.097147     -0.879230  -0.111974\n2025-05-02 04:10:00  53.916022 -0.069344     0.976387      1846.8645  ... -0.039350   -0.047919     -1.090689  -0.282490\n2025-05-02 04:15:00  50.843299 -0.156125     0.937356      1846.8050  ... -0.128949   -0.176187     -1.126878  -0.410287\n2025-05-02 04:20:00  50.843299 -0.210878     0.884636      1846.7815  ... -0.185481   -0.172977     -1.164772  -0.433091\n2025-05-02 04:25:00  52.224813 -0.219871     0.829668      1846.7515  ... -0.194766   -0.117895     -1.156557  -0.390686\n\n[5 rows x 15 columns]"}
{"asctime": "2025-05-02 14:27:22,926", "levelname": "INFO", "name": "core.ml_filter", "message": "\ud83d\udd0e Passing 1000 samples to ML model for confidence prediction."}
{"asctime": "2025-05-02 14:27:22,927", "levelname": "INFO", "name": "core.ml_filter", "message": "\u2705 Model confidence: 0.0000"}
{"asctime": "2025-05-02 14:27:22,927", "levelname": "INFO", "name": "__main__", "message": "\ud83d\udd0e Confidence for ETHUSDT: 0.00"}
{"asctime": "2025-05-02 14:27:22,929", "levelname": "INFO", "name": "__main__", "message": "\u274c Skipping ETHUSDT due to low confidence: 0.00"}
{"asctime": "2025-05-02 14:27:22,930", "levelname": "INFO", "name": "__main__", "message": "\ud83d\udd0d Testing pair: LTCUSDT"}
{"asctime": "2025-05-02 14:27:23,130", "levelname": "INFO", "name": "__main__", "message": "\u2705 Data fetched for LTCUSDT, 1000 rows"}
{"asctime": "2025-05-02 14:27:23,156", "levelname": "INFO", "name": "__main__", "message": "\u2705 Signal generated for LTCUSDT"}
{"asctime": "2025-05-02 14:27:23,158", "levelname": "INFO", "name": "__main__", "message": "\ud83d\udd0d DF columns before ML confidence: ['Open', 'High', 'Low', 'Close', 'Volume', 'rsi', 'macd', 'macd_signal', 'bollinger_mid', 'bollinger_upper', 'bollinger_lower', 'ema', 'ema_diff', 'volatility', 'ATR', 'rsi_z', 'macd_z', 'ema_diff_z', 'volatility_z', 'indicator']"}
{"asctime": "2025-05-02 14:27:23,173", "levelname": "INFO", "name": "core.ml_filter", "message": "\ud83d\udd0e Feature values preview (last 5 rows):\n                           rsi      macd  macd_signal  bollinger_mid  ...    macd_z  ema_diff_z  volatility_z  indicator\nTimestamp                                                             ...                                               \n2025-05-02 04:05:00  47.997707 -0.053712     0.105559        90.0570  ... -0.914593   -0.433281     -1.008968  -0.681820\n2025-05-02 04:10:00  46.449579 -0.056762     0.091368        90.0570  ... -0.967121   -0.536345     -0.944745  -0.734520\n2025-05-02 04:15:00  43.432311 -0.062913     0.075640        90.0470  ... -1.073055   -0.760123     -0.737369  -0.823296\n2025-05-02 04:20:00  43.825280 -0.063522     0.059760        90.0335  ... -1.083537   -0.675425     -0.612763  -0.766012\n2025-05-02 04:25:00  43.825280 -0.061118     0.044480        90.0195  ... -1.042140   -0.624899     -0.541615  -0.725244\n\n[5 rows x 15 columns]"}
{"asctime": "2025-05-02 14:27:23,175", "levelname": "INFO", "name": "core.ml_filter", "message": "\ud83d\udd0e Passing 1000 samples to ML model for confidence prediction."}
{"asctime": "2025-05-02 14:27:23,176", "levelname": "INFO", "name": "core.ml_filter", "message": "\u2705 Model confidence: 0.0000"}
{"asctime": "2025-05-02 14:27:23,177", "levelname": "INFO", "name": "__main__", "message": "\ud83d\udd0e Confidence for LTCUSDT: 0.00"}
{"asctime": "2025-05-02 14:27:23,178", "levelname": "INFO", "name": "__main__", "message": "\u274c Skipping LTCUSDT due to low confidence: 0.00"}
{"asctime": "2025-05-02 19:07:35,745", "levelname": "INFO", "name": "__main__", "message": "\u2705 META_MODEL loaded successfully."}
{"asctime": "2025-05-02 19:07:38,690", "levelname": "INFO", "name": "__main__", "message": "\u2705 META_MODEL loaded successfully."}
{"asctime": "2025-05-02 19:07:38,709", "levelname": "INFO", "name": "__main__", "message": "\ud83d\udcdd Pairs to test: []"}
{"asctime": "2025-05-02 19:07:38,709", "levelname": "WARNING", "name": "__main__", "message": "\u26a0\ufe0f No trading pairs found. Falling back to default."}
{"asctime": "2025-05-02 19:07:38,710", "levelname": "INFO", "name": "__main__", "message": "\u2705 Fallback pairs applied: ['BTCUSDT', 'ETHUSDT', 'LTCUSDT']"}
{"asctime": "2025-05-02 19:07:38,711", "levelname": "INFO", "name": "__main__", "message": "\ud83d\udd0d Testing pair: BTCUSDT"}
{"asctime": "2025-05-02 19:07:38,916", "levelname": "INFO", "name": "__main__", "message": "\u2705 Data fetched for BTCUSDT, 1000 rows"}
{"asctime": "2025-05-02 19:07:38,957", "levelname": "ERROR", "name": "__main__", "message": "Signal generation failed for BTCUSDT: X has 3 features, but RandomForestClassifier is expecting 4 features as input."}
{"asctime": "2025-05-02 19:07:38,958", "levelname": "INFO", "name": "__main__", "message": "\ud83d\udd0d Testing pair: ETHUSDT"}
{"asctime": "2025-05-02 19:07:39,168", "levelname": "INFO", "name": "__main__", "message": "\u2705 Data fetched for ETHUSDT, 1000 rows"}
{"asctime": "2025-05-02 19:07:39,187", "levelname": "ERROR", "name": "__main__", "message": "Signal generation failed for ETHUSDT: X has 3 features, but RandomForestClassifier is expecting 4 features as input."}
{"asctime": "2025-05-02 19:07:39,188", "levelname": "INFO", "name": "__main__", "message": "\ud83d\udd0d Testing pair: LTCUSDT"}
{"asctime": "2025-05-02 19:07:39,391", "levelname": "INFO", "name": "__main__", "message": "\u2705 Data fetched for LTCUSDT, 1000 rows"}
{"asctime": "2025-05-02 19:07:39,410", "levelname": "ERROR", "name": "__main__", "message": "Signal generation failed for LTCUSDT: X has 3 features, but RandomForestClassifier is expecting 4 features as input."}
{"asctime": "2025-05-03 10:45:00,152", "levelname": "INFO", "name": "__main__", "message": "\u2705 META_MODEL loaded successfully."}
{"asctime": "2025-05-03 10:45:02,535", "levelname": "INFO", "name": "__main__", "message": "\u2705 META_MODEL loaded successfully."}
{"asctime": "2025-05-03 10:45:02,554", "levelname": "INFO", "name": "__main__", "message": "\ud83d\udcdd Pairs to test: []"}
{"asctime": "2025-05-03 10:45:02,555", "levelname": "WARNING", "name": "__main__", "message": "\u26a0\ufe0f No trading pairs found. Falling back to default."}
{"asctime": "2025-05-03 10:45:02,556", "levelname": "INFO", "name": "__main__", "message": "\u2705 Fallback pairs applied: ['BTCUSDT', 'ETHUSDT', 'LTCUSDT']"}
{"asctime": "2025-05-03 10:45:02,557", "levelname": "INFO", "name": "__main__", "message": "\ud83d\udd0d Testing pair: BTCUSDT"}
{"asctime": "2025-05-03 10:45:02,793", "levelname": "INFO", "name": "__main__", "message": "\u2705 Data fetched for BTCUSDT, 1000 rows"}
{"asctime": "2025-05-03 10:45:02,846", "levelname": "ERROR", "name": "__main__", "message": "Signal generation failed for BTCUSDT: X has 3 features, but RandomForestClassifier is expecting 4 features as input."}
{"asctime": "2025-05-03 10:45:02,848", "levelname": "INFO", "name": "__main__", "message": "\ud83d\udd0d Testing pair: ETHUSDT"}
{"asctime": "2025-05-03 10:45:03,072", "levelname": "INFO", "name": "__main__", "message": "\u2705 Data fetched for ETHUSDT, 1000 rows"}
{"asctime": "2025-05-03 10:45:03,100", "levelname": "ERROR", "name": "__main__", "message": "Signal generation failed for ETHUSDT: X has 3 features, but RandomForestClassifier is expecting 4 features as input."}
{"asctime": "2025-05-03 10:45:03,101", "levelname": "INFO", "name": "__main__", "message": "\ud83d\udd0d Testing pair: LTCUSDT"}
{"asctime": "2025-05-03 10:45:03,344", "levelname": "INFO", "name": "__main__", "message": "\u2705 Data fetched for LTCUSDT, 1000 rows"}
{"asctime": "2025-05-03 10:45:03,368", "levelname": "ERROR", "name": "__main__", "message": "Signal generation failed for LTCUSDT: X has 3 features, but RandomForestClassifier is expecting 4 features as input."}
{"asctime": "2025-05-03 11:39:54,454", "levelname": "INFO", "name": "__main__", "message": "\u2705 META_MODEL loaded successfully."}
{"asctime": "2025-05-03 11:39:56,954", "levelname": "INFO", "name": "__main__", "message": "\u2705 META_MODEL loaded successfully."}
{"asctime": "2025-05-03 11:39:56,974", "levelname": "INFO", "name": "__main__", "message": "\ud83d\udcdd Pairs to test: []"}
{"asctime": "2025-05-03 11:39:56,976", "levelname": "WARNING", "name": "__main__", "message": "\u26a0\ufe0f No trading pairs found. Falling back to default."}
{"asctime": "2025-05-03 11:39:56,977", "levelname": "INFO", "name": "__main__", "message": "\u2705 Fallback pairs applied: ['BTCUSDT', 'ETHUSDT', 'LTCUSDT']"}
{"asctime": "2025-05-03 11:39:56,978", "levelname": "INFO", "name": "__main__", "message": "\ud83d\udd0d Testing pair: BTCUSDT"}
{"asctime": "2025-05-03 11:39:57,174", "levelname": "INFO", "name": "__main__", "message": "\u2705 Data fetched for BTCUSDT, 1000 rows"}
{"asctime": "2025-05-03 11:39:57,208", "levelname": "ERROR", "name": "__main__", "message": "Signal generation failed for BTCUSDT: X has 3 features, but RandomForestClassifier is expecting 4 features as input."}
{"asctime": "2025-05-03 11:39:57,209", "levelname": "INFO", "name": "__main__", "message": "\ud83d\udd0d Testing pair: ETHUSDT"}
{"asctime": "2025-05-03 11:39:57,397", "levelname": "INFO", "name": "__main__", "message": "\u2705 Data fetched for ETHUSDT, 1000 rows"}
{"asctime": "2025-05-03 11:39:57,429", "levelname": "ERROR", "name": "__main__", "message": "Signal generation failed for ETHUSDT: X has 3 features, but RandomForestClassifier is expecting 4 features as input."}
{"asctime": "2025-05-03 11:39:57,430", "levelname": "INFO", "name": "__main__", "message": "\ud83d\udd0d Testing pair: LTCUSDT"}
{"asctime": "2025-05-03 11:39:57,630", "levelname": "INFO", "name": "__main__", "message": "\u2705 Data fetched for LTCUSDT, 1000 rows"}
{"asctime": "2025-05-03 11:39:57,656", "levelname": "ERROR", "name": "__main__", "message": "Signal generation failed for LTCUSDT: X has 3 features, but RandomForestClassifier is expecting 4 features as input."}
{"asctime": "2025-05-03 12:00:20,634", "levelname": "INFO", "name": "__main__", "message": "\u2705 META_MODEL loaded successfully."}
{"asctime": "2025-05-03 12:00:27,328", "levelname": "INFO", "name": "__main__", "message": "\u2705 META_MODEL loaded successfully."}
{"asctime": "2025-05-03 12:00:27,349", "levelname": "INFO", "name": "__main__", "message": "\ud83d\udcdd Pairs to test: []"}
{"asctime": "2025-05-03 12:00:27,351", "levelname": "WARNING", "name": "__main__", "message": "\u26a0\ufe0f No trading pairs found. Falling back to default."}
{"asctime": "2025-05-03 12:00:27,352", "levelname": "INFO", "name": "__main__", "message": "\u2705 Fallback pairs applied: ['BTCUSDT', 'ETHUSDT', 'LTCUSDT']"}
{"asctime": "2025-05-03 12:00:27,354", "levelname": "INFO", "name": "__main__", "message": "\ud83d\udd0d Testing pair: BTCUSDT"}
{"asctime": "2025-05-03 12:00:27,546", "levelname": "INFO", "name": "__main__", "message": "\u2705 Data fetched for BTCUSDT, 1000 rows"}
{"asctime": "2025-05-03 12:00:27,575", "levelname": "ERROR", "name": "__main__", "message": "Signal generation failed for BTCUSDT: X has 3 features, but RandomForestClassifier is expecting 4 features as input."}
{"asctime": "2025-05-03 12:00:27,577", "levelname": "INFO", "name": "__main__", "message": "\ud83d\udd0d Testing pair: ETHUSDT"}
{"asctime": "2025-05-03 12:00:27,773", "levelname": "INFO", "name": "__main__", "message": "\u2705 Data fetched for ETHUSDT, 1000 rows"}
{"asctime": "2025-05-03 12:00:27,798", "levelname": "ERROR", "name": "__main__", "message": "Signal generation failed for ETHUSDT: X has 3 features, but RandomForestClassifier is expecting 4 features as input."}
{"asctime": "2025-05-03 12:00:27,800", "levelname": "INFO", "name": "__main__", "message": "\ud83d\udd0d Testing pair: LTCUSDT"}
{"asctime": "2025-05-03 12:00:27,990", "levelname": "INFO", "name": "__main__", "message": "\u2705 Data fetched for LTCUSDT, 1000 rows"}
{"asctime": "2025-05-03 12:00:28,013", "levelname": "ERROR", "name": "__main__", "message": "Signal generation failed for LTCUSDT: X has 3 features, but RandomForestClassifier is expecting 4 features as input."}
{"asctime": "2025-05-03 12:09:05,826", "levelname": "INFO", "name": "__main__", "message": "\u2705 META_MODEL loaded successfully."}
{"asctime": "2025-05-03 12:10:36,961", "levelname": "INFO", "name": "__main__", "message": "\u2705 META_MODEL loaded successfully."}
{"asctime": "2025-05-03 12:10:36,982", "levelname": "INFO", "name": "__main__", "message": "\ud83d\udcdd Pairs to test: []"}
{"asctime": "2025-05-03 12:10:36,984", "levelname": "WARNING", "name": "__main__", "message": "\u26a0\ufe0f No trading pairs found. Falling back to default."}
{"asctime": "2025-05-03 12:10:36,984", "levelname": "INFO", "name": "__main__", "message": "\u2705 Fallback pairs applied: ['BTCUSDT', 'ETHUSDT', 'LTCUSDT']"}
{"asctime": "2025-05-03 12:10:36,987", "levelname": "INFO", "name": "__main__", "message": "\ud83d\udd0d Testing pair: BTCUSDT"}
{"asctime": "2025-05-03 12:10:37,210", "levelname": "INFO", "name": "__main__", "message": "\u2705 Data fetched for BTCUSDT, 1000 rows"}
{"asctime": "2025-05-03 12:10:37,239", "levelname": "ERROR", "name": "__main__", "message": "Signal generation failed for BTCUSDT: X has 3 features, but RandomForestClassifier is expecting 4 features as input."}
{"asctime": "2025-05-03 12:10:37,240", "levelname": "INFO", "name": "__main__", "message": "\ud83d\udd0d Testing pair: ETHUSDT"}
{"asctime": "2025-05-03 12:10:37,430", "levelname": "INFO", "name": "__main__", "message": "\u2705 Data fetched for ETHUSDT, 1000 rows"}
{"asctime": "2025-05-03 12:10:37,462", "levelname": "ERROR", "name": "__main__", "message": "Signal generation failed for ETHUSDT: X has 3 features, but RandomForestClassifier is expecting 4 features as input."}
{"asctime": "2025-05-03 12:10:37,465", "levelname": "INFO", "name": "__main__", "message": "\ud83d\udd0d Testing pair: LTCUSDT"}
{"asctime": "2025-05-03 12:10:37,673", "levelname": "INFO", "name": "__main__", "message": "\u2705 Data fetched for LTCUSDT, 1000 rows"}
{"asctime": "2025-05-03 12:10:37,701", "levelname": "ERROR", "name": "__main__", "message": "Signal generation failed for LTCUSDT: X has 3 features, but RandomForestClassifier is expecting 4 features as input."}
{"asctime": "2025-05-03 12:33:05,546", "levelname": "INFO", "name": "__main__", "message": "\u2705 META_MODEL loaded successfully."}
{"asctime": "2025-05-03 12:33:10,942", "levelname": "INFO", "name": "__main__", "message": "\u2705 META_MODEL loaded successfully."}
{"asctime": "2025-05-03 12:33:10,962", "levelname": "INFO", "name": "__main__", "message": "\ud83d\udcdd Pairs to test: []"}
{"asctime": "2025-05-03 12:33:10,963", "levelname": "WARNING", "name": "__main__", "message": "\u26a0\ufe0f No trading pairs found. Falling back to default."}
{"asctime": "2025-05-03 12:33:10,964", "levelname": "INFO", "name": "__main__", "message": "\u2705 Fallback pairs applied: ['BTCUSDT', 'ETHUSDT', 'LTCUSDT']"}
{"asctime": "2025-05-03 12:33:10,964", "levelname": "INFO", "name": "__main__", "message": "\ud83d\udd0d Testing pair: BTCUSDT"}
{"asctime": "2025-05-03 12:33:11,171", "levelname": "INFO", "name": "__main__", "message": "\u2705 Data fetched for BTCUSDT, 1000 rows"}
{"asctime": "2025-05-03 12:33:11,195", "levelname": "ERROR", "name": "__main__", "message": "Backtest execution error", "exc_info": "Traceback (most recent call last):\n  File \"C:\\Users\\jsmet\\Documents\\OnlyFunds\\(CURRENT) OnlyFunds\\main.py\", line 692, in <module>\n    mean = META_MODEL.feature_means.get(col, df[col].mean())\nAttributeError: 'RandomForestClassifier' object has no attribute 'feature_means'"}
{"asctime": "2025-05-03 13:34:23,080", "levelname": "INFO", "name": "__main__", "message": "\u2705 META_MODEL loaded successfully."}
{"asctime": "2025-05-03 13:34:25,259", "levelname": "INFO", "name": "__main__", "message": "\u2705 META_MODEL loaded successfully."}
{"asctime": "2025-05-03 13:34:25,276", "levelname": "INFO", "name": "__main__", "message": "\ud83d\udcdd Pairs to test: []"}
{"asctime": "2025-05-03 13:34:25,278", "levelname": "WARNING", "name": "__main__", "message": "\u26a0\ufe0f No trading pairs found. Falling back to default."}
{"asctime": "2025-05-03 13:34:25,279", "levelname": "INFO", "name": "__main__", "message": "\u2705 Fallback pairs applied: ['BTCUSDT', 'ETHUSDT', 'LTCUSDT']"}
{"asctime": "2025-05-03 13:34:25,280", "levelname": "INFO", "name": "__main__", "message": "\ud83d\udd0d Testing pair: BTCUSDT"}
{"asctime": "2025-05-03 13:34:25,483", "levelname": "INFO", "name": "__main__", "message": "\u2705 Data fetched for BTCUSDT, 1000 rows"}
{"asctime": "2025-05-03 13:34:25,503", "levelname": "ERROR", "name": "__main__", "message": "Backtest execution error", "exc_info": "Traceback (most recent call last):\n  File \"C:\\Users\\jsmet\\Documents\\OnlyFunds\\(CURRENT) OnlyFunds\\main.py\", line 691, in <module>\n    mean = META_MODEL.feature_means.get(col, df[col].mean())\nAttributeError: 'RandomForestClassifier' object has no attribute 'feature_means'"}
{"asctime": "2025-05-03 14:59:14,984", "levelname": "INFO", "name": "__main__", "message": "\u2705 META_MODEL loaded successfully."}
{"asctime": "2025-05-03 14:59:16,878", "levelname": "INFO", "name": "__main__", "message": "\u2705 META_MODEL loaded successfully."}
{"asctime": "2025-05-03 14:59:16,897", "levelname": "INFO", "name": "__main__", "message": "\ud83d\udcdd Pairs to test: []"}
{"asctime": "2025-05-03 14:59:16,900", "levelname": "WARNING", "name": "__main__", "message": "\u26a0\ufe0f No trading pairs found. Falling back to default."}
{"asctime": "2025-05-03 14:59:16,901", "levelname": "INFO", "name": "__main__", "message": "\u2705 Fallback pairs applied: ['BTCUSDT', 'ETHUSDT', 'LTCUSDT']"}
{"asctime": "2025-05-03 14:59:16,903", "levelname": "INFO", "name": "__main__", "message": "\ud83d\udd0d Testing pair: BTCUSDT"}
{"asctime": "2025-05-03 14:59:17,092", "levelname": "INFO", "name": "__main__", "message": "\u2705 Data fetched for BTCUSDT, 1000 rows"}
{"asctime": "2025-05-03 14:59:17,116", "levelname": "ERROR", "name": "__main__", "message": "Backtest execution error", "exc_info": "Traceback (most recent call last):\n  File \"C:\\Users\\jsmet\\Documents\\OnlyFunds\\(CURRENT) OnlyFunds\\main.py\", line 691, in <module>\n    mean = META_MODEL.feature_means.get(col, df[col].mean())\nAttributeError: 'RandomForestClassifier' object has no attribute 'feature_means'"}
{"asctime": "2025-05-04 10:53:36,931", "levelname": "INFO", "name": "__main__", "message": "\u2705 META_MODEL loaded successfully."}
{"asctime": "2025-05-04 11:46:00,614", "levelname": "INFO", "name": "__main__", "message": "\u2705 META_MODEL loaded successfully."}
{"asctime": "2025-05-04 11:46:02,730", "levelname": "INFO", "name": "__main__", "message": "\u2705 META_MODEL loaded successfully."}
{"asctime": "2025-05-04 12:22:38,439", "levelname": "INFO", "name": "__main__", "message": "\u2705 META_MODEL loaded successfully."}
{"asctime": "2025-05-04 12:22:41,204", "levelname": "INFO", "name": "__main__", "message": "\u2705 META_MODEL loaded successfully."}
