Open,High,Low,Close,Volume
94582.76,94563.46,94591.13,94563.45,1.60963521
94563.46,94644.09,94651.68,94563.46,0.51333819
94644.09,94546.01,94644.09,94546.01,0.83255103
94546.01,94609.96,94658.49,94546.01,1.07193758
94609.97,94546.02,94741.86,94546.02,1.71016065
94546.01,94531.94,94546.02,94501.43,1.46505174
94531.93,94608.84,94608.86,94531.93,0.37793926
94594.54,94620.99,94620.99,94594.54,0.13615932
94621.0,94616.86,94621.0,94616.86,0.20928331
94616.86,94524.89,94616.86,94524.89,0.40140445
94524.89,94524.89,94524.9,94524.89,0.30274798
94524.89,94477.72,94550.58,94477.71,1.01826959
94477.72,94497.9,94543.92,94463.12,0.87527783
94497.89,94419.13,94523.91,94419.13,0.50813244
94419.14,94371.4,94440.05,94371.05,1.8516403
94371.41,94603.19,94673.61,94371.41,6.03623771
94603.18,94662.43,94709.41,94603.18,0.75263713
94662.43,94600.01,94675.16,94580.3,0.27186369
94600.01,94509.96,94600.01,94489.36,1.8145452
94509.96,94494.34,94517.1,94494.34,0.44514956
94494.34,94396.07,94494.35,94396.07,0.3993717
94396.08,94300.17,94396.08,94241.54,1.07631049
94300.18,94272.6,94300.19,94272.59,3.42403778
94272.6,94258.68,94315.97,94251.45,1.82482827
94258.69,94100.01,94258.69,94100.0,0.99959821
94100.02,94093.98,94145.4,94075.93,0.35651675
94093.98,94098.04,94145.73,94093.97,0.33882189
94098.05,94030.19,94104.87,94022.19,0.62168212
94030.2,94168.74,94196.24,94030.2,0.94708248
94168.73,94233.37,94271.3,94168.73,0.67938385
94233.37,94194.66,94291.49,94194.65,0.93744594
94194.66,94209.41,94209.42,94174.6,0.22760302
94209.42,94253.69,94279.21,94209.41,0.20667861
94253.69,94272.83,94290.27,94235.37,0.33788685
94272.85,94231.97,94272.85,94231.68,0.73044434
94231.98,94170.6,94248.6,94170.59,1.59577834
94170.6,94191.97,94191.97,94157.21,0.42961527
94191.97,94196.59,94229.65,94191.97,0.10492987
94196.58,94159.45,94196.59,94138.28,1.02373562
94159.46,94176.99,94176.99,94133.43,0.14183724
94177.0,94245.95,94245.95,94166.37,0.92484416
94236.78,94256.52,94284.98,94236.78,0.3485326
94256.52,94214.75,94280.88,94214.73,0.19978891
94214.74,94225.75,94225.75,94198.08,0.51812255
94225.75,94271.07,94272.49,94225.74,1.19443936
94267.14,94250.61,94267.14,94250.6,0.02140871
94250.6,94253.35,94264.56,94248.36,0.09249044
94253.35,94253.36,94263.0,94253.34,0.07700866
94253.36,94300.0,94300.0,94253.36,0.20486915
94299.99,94313.78,94313.79,94299.99,0.05866426
94313.78,94313.87,94350.38,94303.23,0.86717591
94313.89,94389.96,94394.76,94313.89,0.1366312
94390.01,94525.59,94599.98,94390.01,0.40936307
94525.59,94525.62,94525.63,94525.59,0.03552401
94525.62,94637.71,94675.69,94525.61,1.04318441
94637.71,94608.17,94677.98,94599.48,0.38649777
94608.17,94637.7,94644.11,94608.17,0.05380585
94637.7,94649.23,94649.24,94620.54,0.16338676
94649.23,94587.55,94649.24,94587.55,0.2252828
94587.56,94649.27,94675.91,94481.66,0.85427974
94649.29,94610.56,94649.29,94586.27,0.66692092
94610.56,94622.16,94622.17,94598.63,0.06297136
94622.17,94623.18,94650.0,94615.58,0.31934433
94623.19,94635.54,94649.97,94623.19,0.22199367
94635.54,94741.84,94776.98,94635.54,4.49176426
94741.84,94690.43,94760.0,94690.43,0.96059272
94690.44,94722.81,94747.64,94690.44,1.56724662
94722.81,94723.34,94735.93,94722.81,0.42168786
94723.34,94846.63,94883.48,94723.34,2.45350157
94846.63,94846.93,94877.6,94846.63,3.0355567
94846.93,94880.61,94900.0,94846.93,0.4063864
94880.62,94866.41,94896.17,94835.7,0.45617227
94866.42,94808.29,94884.9,94808.29,0.13233219
94808.29,94772.71,94808.3,94758.0,0.63514713
94772.72,94795.66,94801.28,94762.99,0.4928071
94795.65,94830.3,94867.66,94795.65,0.57210988
94830.3,94887.39,94900.0,94830.3,2.88314435
94887.39,94749.34,94953.57,94749.34,2.01618123
94749.34,94705.43,94770.24,94705.42,0.91535677
94705.43,94755.92,94755.93,94686.55,1.09570478
94755.92,94765.0,94777.68,94755.92,0.52950994
94765.0,94741.32,94827.78,94741.31,1.84963372
94741.32,94860.72,94926.15,94741.32,2.00447748
94860.72,94827.89,94860.72,94707.67,0.49352264
94825.85,94718.71,94825.85,94718.14,0.94942026
94718.71,94711.35,94763.99,94711.35,2.50858401
94711.35,94725.21,94749.99,94711.35,0.45585735
94725.2,94756.71,94781.0,94725.2,2.32872911
94756.71,94780.13,94815.67,94756.71,0.73705016
94780.12,94781.44,94839.96,94780.12,1.36343389
94781.44,94730.56,94794.0,94730.55,1.16628496
94730.57,94775.15,94775.16,94730.56,0.70501685
94775.16,94738.66,94775.16,94738.64,0.35326598
94738.65,94738.65,94738.66,94727.71,0.48382036
94738.65,94730.53,94749.99,94730.52,0.77638902
94730.54,94788.46,94788.5,94730.53,2.48181634
94788.46,94793.99,94794.0,94788.46,0.45273122
94793.99,94794.62,94799.98,94793.99,0.53313534
94799.96,94838.23,94869.98,94799.96,1.83838878
94838.22,94830.92,94900.0,94830.9,0.2282299
94830.91,94898.53,94900.0,94830.9,0.41990801
94898.53,94915.17,94915.17,94898.53,1.43749317
94915.17,94877.33,94925.65,94877.32,0.32434514
94877.34,94891.48,94891.49,94877.33,0.41247545
94891.49,94875.12,94891.49,94875.12,0.24769668
94875.12,94907.33,94911.67,94860.08,0.41978587
94907.33,94965.67,94998.55,94907.33,1.57052349
94965.67,95099.98,95100.0,94965.67,6.68403441
95099.98,95038.5,95138.53,95038.49,5.22426876
95038.5,95083.1,95099.99,95038.5,2.13305804
95083.1,95104.01,95104.03,95065.41,1.80218933
95104.01,95085.55,95146.61,95085.55,2.3780762
95085.55,94997.84,95085.55,94997.24,2.36345981
94997.84,95000.0,95000.0,94997.84,1.91144772
95000.0,95000.86,95044.59,94981.14,8.41015749
95000.86,94989.25,95000.87,94989.25,4.0012195
94989.25,94989.27,94989.28,94989.25,0.56608806
94989.28,94921.04,94989.28,94921.01,2.95171249
94921.05,94947.69,94981.52,94921.05,0.47089575
94947.7,94838.52,94947.7,94838.51,0.78655311
94838.53,94806.08,94838.53,94806.03,2.2102822
94806.09,94838.44,94867.75,94806.08,1.46787321
94838.43,94838.57,94868.98,94838.02,1.21683885
94838.57,94827.21,94838.57,94800.01,2.38410487
94827.2,94909.96,94909.97,94827.2,0.80529676
94909.96,94909.99,94910.0,94909.96,1.19252756
94910.0,94913.83,94937.49,94909.99,2.18715496
94913.83,94938.92,94938.94,94913.83,0.59029564
94938.92,94938.93,94938.94,94938.92,0.50721923
94938.93,94945.0,94955.85,94938.93,2.08494103
94945.0,94967.49,94969.68,94945.0,2.62006309
94967.49,94969.24,94989.16,94967.48,1.84364708
94969.23,94969.23,94988.73,94969.23,1.72852395
94969.23,94990.5,95052.99,94969.23,6.98161457
94990.51,94990.58,94997.23,94990.5,0.57634474
94990.58,94952.8,95035.11,94952.8,2.42769152
94952.8,94910.82,94952.8,94910.81,1.58050208
94910.82,94972.87,94994.91,94910.82,2.21407367
94972.87,95058.95,95060.0,94972.87,5.12715062
95058.94,95062.29,95085.67,95058.94,4.9029959
95062.3,95065.33,95084.23,95058.6,5.63076896
95065.34,95085.7,95098.42,95065.33,1.52104506
95085.7,95077.44,95085.71,95077.44,0.71050205
95077.45,95070.5,95077.46,95070.5,0.84573319
95070.5,95077.43,95098.34,95070.5,1.45996467
95077.44,95100.01,95105.55,95077.43,2.82973544
95100.01,95133.9,95139.99,95100.01,2.5680473
95133.91,95137.56,95140.0,95133.9,5.22366239
95137.56,95137.56,95137.57,95137.56,0.67829835
95137.56,95119.98,95137.56,95118.73,0.93444649
95119.98,95144.98,95145.0,95119.98,2.21902885
95144.99,95250.04,95261.08,95144.98,9.48398869
95250.04,95263.31,95277.96,95250.04,0.851807
95263.31,95313.86,95395.0,95086.41,10.40338551
95313.86,95401.22,95405.0,95313.86,5.65568735
95401.21,95379.88,95401.22,95379.87,2.36005093
95379.88,95420.47,95428.34,95379.88,2.13766872
95420.48,95713.85,95740.89,95420.48,16.62587406
95713.85,95523.92,95723.84,95451.59,2.8647356
95520.36,95634.71,95674.84,95520.35,5.4860143
95634.7,95638.86,95680.85,95634.7,1.48422013
95638.87,95654.03,95654.03,95605.45,3.00990723
95654.02,96137.0,96145.0,95654.02,19.0657913
96137.0,96162.09,96321.77,96131.82,14.90269962
96162.1,96287.01,96287.3,96162.1,6.38920316
96287.0,96127.85,96347.83,96108.7,12.11906214
96127.85,96123.19,96161.5,96056.7,4.95628754
96123.19,96078.59,96141.09,96022.07,5.01175117
96078.59,95897.01,96078.6,95897.01,2.77062986
95897.01,96100.03,96123.54,95897.01,4.00674641
96100.03,96104.07,96138.8,96100.02,2.31539998
96104.07,96140.72,96199.88,96104.07,4.24857041
96140.72,96091.52,96140.73,96080.32,2.62102107
96091.52,96132.29,96137.5,96090.83,0.82254142
96132.29,96052.88,96134.07,95927.95,1.82333486
96052.88,95931.27,96052.89,95931.26,1.19149893
95931.26,95863.04,95931.26,95827.55,3.60839819
95863.05,95915.41,95982.46,95863.05,5.82731527
95915.41,96000.0,96025.58,95915.41,2.54867483
96000.0,96078.64,96079.0,96000.0,1.35913918
96078.64,96100.98,96133.99,96022.22,2.58306076
96100.99,96154.68,96160.0,96100.98,1.26005876
96154.69,96160.18,96189.62,96142.85,1.2450075
96160.18,96137.1,96197.96,96134.28,1.08022691
96137.09,96212.85,96212.86,96137.09,1.22941254
96212.84,96242.62,96250.67,96212.84,2.43883566
96242.61,96150.26,96242.62,96150.25,2.21023131
96150.25,96300.01,96343.61,96150.25,2.70297365
96300.01,96198.89,96343.6,96198.89,0.72534917
96198.89,96228.73,96250.36,96137.1,2.65761479
96228.74,96244.59,96291.63,96228.74,1.37938725
96244.59,96400.01,96402.09,96244.59,3.48010394
96400.0,96386.22,96430.6,96256.36,2.25805295
96386.21,96340.79,96386.22,96339.04,0.90904489
96340.78,96323.5,96340.79,96269.55,0.18788959
96323.5,96342.68,96389.63,96302.61,3.91966174
96342.68,96373.53,96400.0,96340.73,3.23239172
96373.53,96434.05,96449.99,96373.53,1.99034904
96434.05,96450.06,96466.29,96434.04,2.11148321
96450.07,96550.38,96660.3,96450.07,10.82112548
96550.38,96607.87,96615.24,96536.55,2.07128795
96607.87,96321.49,96615.23,96308.96,3.88618462
96321.49,96193.97,96477.6,96193.96,2.98739816
96193.98,96125.68,96240.32,95909.5,8.5604754
96125.69,96113.58,96250.01,95964.0,4.79124269
96113.58,95947.69,96200.66,95915.6,3.87646432
95947.69,95820.76,95961.19,95820.76,4.65867571
95859.74,96031.6,96104.43,95859.74,8.46363161
96031.6,96160.32,96224.82,96031.6,2.79985377
96160.3,96195.22,96226.3,96034.2,1.16545044
96195.22,96322.3,96411.02,96195.21,6.75963808
96322.29,96328.08,96395.69,96286.08,1.91435909
96328.08,96399.82,96402.47,96304.58,3.29853094
96399.83,96319.74,96481.0,96205.58,3.03770931
96319.75,96575.0,96660.3,96319.74,5.26300036
96575.01,96400.04,96622.8,96400.02,2.84585941
96400.04,96493.54,96509.64,96339.97,3.58428981
96493.54,96595.04,96621.0,96493.53,1.72931446
96595.05,96817.97,96888.0,96595.04,5.20637164
96817.97,96888.99,96888.99,96770.29,2.86893332
96888.98,96969.23,96969.23,96829.22,6.01172196
96969.22,97381.56,97381.57,96969.22,22.69503967
97381.57,97115.25,97390.0,97112.24,3.01272293
97115.25,97005.62,97200.0,97005.61,4.81702665
97005.63,97107.79,97185.91,97005.61,2.45508468
97107.79,96959.62,97113.65,96959.62,1.98881234
96959.63,97120.96,97150.0,96959.63,3.65339257
97120.96,97002.22,97150.0,97002.21,0.72358965
97002.21,96946.35,97050.01,96936.42,2.78219756
96946.35,96936.01,96998.31,96936.01,1.60073447
96936.01,96863.54,96936.02,96863.54,0.33241846
96863.55,96987.77,96999.98,96863.54,1.75453528
96987.78,97050.5,97099.99,96987.77,2.92485182
97050.49,97085.01,97099.99,97043.24,3.62100128
97085.0,97000.0,97085.0,96898.33,2.2843187
97000.0,97064.28,97085.01,97000.0,0.87892025
97064.28,97185.0,97200.0,97064.27,1.27303731
97185.0,97279.7,97293.02,97169.9,1.01779695
97279.7,97296.0,97297.0,97272.96,1.81745269
97296.01,97314.15,97320.89,97272.96,0.43894273
97314.14,97272.96,97349.99,97272.96,1.90894697
97272.96,97106.26,97272.96,97070.38,2.77161713
97106.25,97025.31,97148.67,97025.3,0.62735774
97025.3,97152.97,97152.98,96980.1,1.17931727
97152.98,97112.74,97152.98,97108.24,0.40648589
97112.75,97088.2,97118.49,97088.19,1.04279373
97088.2,97140.29,97172.99,97088.2,1.61393203
97140.29,97079.27,97161.14,97079.26,0.99926487
97079.26,96866.14,97079.27,96842.85,1.95039565
96866.15,96932.5,96972.53,96866.14,1.24627273
96932.49,96750.56,96972.41,96750.55,2.53052126
96750.56,96557.48,96750.56,96557.48,2.72255108
96557.48,96584.69,96649.97,96550.0,5.36280488
96584.69,96710.95,96750.55,96584.68,1.80612528
96710.95,96750.56,96750.56,96710.94,2.64300834
96750.56,96728.41,96813.69,96728.41,2.40941514
96728.41,96725.1,96784.63,96724.4,1.86359962
96725.11,96650.34,96725.11,96650.33,0.974086
96650.33,96652.08,96652.08,96622.54,0.92421678
96652.07,96609.65,96652.07,96566.44,1.54201684
96590.62,96509.12,96590.63,96509.12,0.77159626
96509.12,96575.48,96599.99,96476.41,1.34908125
96575.49,96651.2,96660.49,96575.49,0.73280477
96651.2,96700.09,96742.5,96651.19,1.95233093
96700.1,96887.6,96951.12,96700.1,3.19578671
96887.6,96838.36,96949.27,96834.48,1.14873749
96838.37,96858.93,96879.59,96827.44,1.49182695
96858.94,96763.76,96866.84,96753.94,2.90361225
96753.95,96622.04,96753.96,96622.04,2.28397256
96622.03,96485.08,96622.03,96485.07,1.78951859
96485.08,96572.09,96572.09,96457.27,0.93065967
96572.08,96457.29,96584.84,96457.28,0.74079878
96457.29,96456.87,96458.0,96446.22,0.46428351
96454.79,96564.3,96572.2,96452.26,1.52801372
96564.31,96632.53,96637.26,96564.31,2.79484231
96632.52,96520.44,96632.53,96520.42,0.67161238
96520.43,96553.0,96553.01,96485.51,1.36135973
96553.01,96600.43,96646.85,96512.5,1.62392827
96600.44,96506.52,96646.85,96485.53,2.98853812
96506.52,96352.66,96558.25,96352.66,1.64693414
96352.66,96509.96,96619.11,96348.47,2.14713711
96509.97,96687.2,96687.36,96494.26,2.07757607
96687.12,96795.73,96847.46,96644.27,1.50003443
96795.74,96752.23,96795.74,96752.23,0.72301138
96752.24,96725.75,96821.12,96725.74,0.89401463
96725.75,96602.87,96732.99,96563.78,0.58793018
96602.88,96602.88,96617.75,96552.49,0.66473046
96602.88,96602.88,96657.75,96602.87,0.18961141
96602.87,96502.07,96607.53,96502.07,0.95778335
96502.08,96398.69,96502.08,96398.69,0.82836325
96398.69,96417.12,96426.34,96380.0,0.55127077
96406.96,96499.99,96499.99,96406.95,0.25391228
96499.99,96543.2,96543.24,96499.99,0.16746994
96543.21,96651.49,96700.46,96543.2,0.59831195
96651.49,96613.14,96699.89,96613.14,2.28530093
96613.14,96575.13,96613.15,96575.13,0.79846102
96575.13,96575.14,96580.73,96575.13,0.40406163
96575.13,96569.26,96575.14,96569.26,0.4039363
96569.26,96644.1,96644.12,96510.36,1.46450858
96644.1,96749.98,96749.99,96623.63,0.62822755
96749.99,96600.0,96749.99,96600.0,1.67888584
96600.01,96581.07,96600.01,96581.06,0.75847878
96581.07,96477.94,96637.77,96477.94,1.51984601
96477.95,96443.42,96554.68,96432.76,0.27679113
96443.42,96488.27,96505.37,96438.52,0.32224005
96488.26,96529.8,96599.59,96488.26,0.41232881
96529.82,96555.05,96597.85,96529.82,0.983612
96555.07,96564.16,96597.88,96555.07,0.29443073
96564.17,96545.55,96597.97,96545.35,1.80916644
96545.56,96425.38,96545.59,96425.35,0.62812701
96425.37,96429.06,96476.64,96341.3,1.23672655
96429.08,96427.96,96480.96,96427.95,1.07184807
96427.96,96372.7,96427.97,96372.7,0.30995468
96372.72,96372.71,96372.72,96372.71,0.45652492
96372.71,96368.86,96372.71,96368.86,0.22531481
96368.87,96300.0,96405.63,96300.0,0.81607101
96300.0,96208.38,96300.0,96208.37,0.88741012
96208.38,96265.44,96285.6,96200.37,1.52473828
96265.45,96316.7,96382.2,96265.45,1.6974607
96316.7,96353.07,96382.28,96316.7,0.44137422
96353.08,96398.61,96432.78,96353.08,0.64130698
96398.61,96273.01,96398.61,96270.41,0.8260068
96273.01,96263.96,96273.02,96220.38,0.60033667
96263.96,96400.0,96400.02,96263.96,3.70289918
96400.0,96401.43,96401.43,96400.0,1.50173602
96401.42,96450.01,96450.02,96401.42,1.22148413
96450.01,96489.55,96499.95,96450.01,0.40756902
96489.55,96566.49,96572.95,96489.55,0.18686291
96566.49,96551.34,96587.71,96482.16,0.22039462
96551.33,96630.51,96668.33,96546.49,0.2539131
96630.51,96605.45,96656.96,96601.9,1.08116157
96605.44,96829.42,96843.99,96605.44,0.83798066
96829.41,96833.75,96858.18,96776.63,0.29910482
96833.74,96869.17,97042.61,96833.74,1.50500906
96869.18,96778.09,96869.18,96778.09,0.45525937
96778.08,96816.42,96816.42,96777.41,0.90738242
96816.52,96889.87,96889.87,96808.92,0.39351081
96889.89,96916.1,96959.5,96887.82,0.90773694
96916.1,97000.0,97000.0,96916.1,1.08280912
97000.0,97092.51,97170.59,97000.0,1.99998318
97077.76,97075.57,97095.52,97034.27,0.16133846
97078.62,96992.15,97078.66,96968.99,0.63931819
97007.32,97098.67,97098.67,96992.16,0.15504622
97098.67,97122.29,97132.1,97098.67,0.67101419
97122.3,97031.63,97122.3,97031.63,0.21642468
97031.64,96944.01,97031.64,96902.44,0.84237027
96944.01,96968.39,96983.83,96944.01,1.00512868
96964.9,96837.6,96964.9,96800.01,1.02834641
96837.6,96886.43,96906.52,96800.02,0.39547309
96874.36,96993.51,96993.51,96874.35,0.58360763
96993.51,96969.59,97000.0,96969.59,0.09943789
96969.61,96802.13,96969.61,96753.87,0.78689107
96791.6,96809.45,96810.37,96740.13,0.35062048
96810.36,96778.39,96810.37,96778.37,0.58897447
96778.38,96832.32,96843.03,96778.38,1.05736107
96825.43,96863.1,96866.62,96825.43,0.94806676
96863.1,96967.83,96999.99,96863.1,1.76787964
96967.83,97000.0,97000.0,96967.83,0.44345462
96999.99,96978.7,97000.0,96927.81,1.14012542
96974.48,96935.48,96974.48,96905.94,0.3121522
96935.48,96987.4,96987.41,96935.47,0.11881309
96987.4,96987.62,96999.99,96987.4,0.09612563
96987.63,96949.08,96987.63,96949.06,0.35497005
96949.09,97023.95,97023.98,96949.09,0.82544714
97023.95,97020.99,97050.38,97020.3,0.77172656
97020.99,97149.99,97149.99,97020.99,0.91313762
97149.98,97061.04,97149.99,97061.02,1.02964182
97061.03,97040.0,97061.04,97040.0,0.38718465
97040.0,97039.6,97056.48,97039.59,0.97363695
97039.6,97129.99,97130.0,97039.6,0.34040025
97111.38,97150.0,97174.63,97111.38,0.37484676
97150.0,97167.52,97167.53,97150.0,0.16949797
97167.52,97150.01,97178.65,97150.0,1.01651889
97150.01,97167.36,97167.49,97150.0,2.57796748
97167.37,97124.26,97167.37,97124.26,0.8410826
97124.27,97221.94,97225.0,97096.29,1.49720285
97221.94,97197.85,97251.61,97197.82,1.28418081
97197.85,97150.13,97221.03,97150.12,0.39534368
97150.12,97130.64,97150.13,97130.64,0.30729658
97130.64,97172.83,97172.83,97130.64,0.59468576
97172.82,97109.31,97172.83,97109.29,0.9243183
97109.31,97015.02,97109.31,97015.01,0.74409008
97015.02,97000.0,97015.03,97000.0,2.07055721
97000.0,96955.54,97000.01,96955.54,0.86761121
96955.54,96931.38,96955.54,96910.33,1.04983028
96931.38,96898.47,96970.68,96898.47,1.77916242
96898.47,96922.1,96922.11,96898.47,0.86366314
96922.1,96892.62,96956.34,96858.34,0.83764427
96892.65,96925.09,96957.36,96892.65,2.93182421
96925.1,96925.1,96925.1,96925.09,0.30123797
96925.09,96872.36,96925.1,96872.35,0.59476312
96872.36,96805.25,96872.37,96805.22,0.69503208
96805.25,96843.0,96843.01,96805.24,0.17630742
96843.0,96806.39,96874.75,96806.37,1.02209181
96806.39,96792.39,96806.39,96792.38,0.5329609
96792.39,96790.33,96799.76,96790.32,0.4496082
96790.34,96838.16,96838.17,96790.33,1.88574385
96838.15,96676.34,96838.16,96658.01,1.1284838
96676.34,96644.45,96693.56,96640.74,1.38529327
96644.44,96606.67,96688.67,96606.65,3.16421271
96606.67,96718.28,96718.28,96606.64,0.97218186
96718.28,96719.07,96742.98,96718.28,1.05078688
96719.07,96660.66,96754.95,96660.66,2.04464108
96660.67,96708.44,96718.83,96654.83,0.34485716
96708.45,96793.57,96793.57,96708.44,2.30451194
96793.61,96851.19,96851.19,96793.61,1.45557493
96845.36,96730.02,96845.36,96730.02,1.91994638
96730.04,96642.48,96730.04,96629.84,0.67022745
96642.48,96627.25,96642.48,96561.26,1.41856805
96643.57,96670.13,96670.15,96643.57,0.40522577
96670.13,96670.31,96700.0,96670.13,0.43225188
96670.33,96580.92,96703.23,96580.92,3.34792828
96580.91,96500.0,96580.92,96500.0,1.03322657
96500.0,96563.57,96580.55,96484.49,1.22199334
96553.43,96687.14,96687.15,96490.37,1.32976044
96687.14,96630.24,96687.15,96630.23,0.22469184
96630.23,96616.94,96630.23,96616.92,0.37079178
96616.93,96476.91,96616.94,96457.28,0.57139725
96476.91,96388.41,96519.09,96358.57,1.99712789
96388.4,96445.38,96500.31,96380.69,1.72507211
96445.39,96440.15,96500.31,96440.05,0.90178601
96440.14,96416.69,96489.62,96416.68,0.69225103
96416.69,96366.59,96416.7,96366.58,0.20669915
96366.59,96417.09,96436.36,96366.59,0.41828853
96417.08,96446.86,96448.67,96417.08,0.70920088
96446.86,96500.35,96536.15,96445.99,1.75363048
96500.35,96577.31,96655.46,96500.35,2.14710699
96577.33,96604.98,96655.45,96577.33,1.99406848
96604.98,96614.81,96645.53,96584.68,2.75301201
96614.82,96500.02,96614.82,96500.01,0.47022089
96500.01,96676.41,96676.42,96500.01,1.08619272
96676.41,96711.12,96745.4,96676.41,1.27844705
96711.12,96687.96,96756.42,96687.94,0.48398619
96687.96,96656.75,96687.96,96656.75,0.8254643
96656.76,96605.35,96656.76,96605.34,0.95392321
96605.34,96509.4,96605.34,96500.01,0.81046229
96500.03,96740.0,96740.0,96500.03,0.95450842
96739.99,96757.01,96757.02,96739.99,0.39970932
96757.01,96705.94,96757.02,96698.36,0.59353768
96705.95,96675.33,96705.95,96644.75,0.56233413
96675.33,96691.86,96693.25,96675.33,0.22765771
96691.86,96651.66,96730.87,96651.64,0.7578456
96651.65,96642.93,96651.66,96642.93,0.46258162
96642.94,96598.82,96642.94,96598.8,0.77520157
96598.81,96698.47,96698.49,96598.81,1.67330817
96698.47,96636.45,96698.48,96636.45,1.2666021
96636.45,96598.57,96636.46,96598.55,0.64226042
96598.58,96687.53,96687.56,96598.58,1.14191776
96661.44,96745.26,96765.72,96661.44,0.42503037
96745.26,96738.48,96745.26,96738.23,0.67341973
96738.52,96797.51,96798.99,96738.51,1.86128882
96797.5,96830.22,96869.49,96791.41,0.97988057
96827.37,96827.27,96827.52,96785.31,1.55293229
96827.27,96851.49,96890.16,96827.27,0.96516559
96851.48,96820.0,96851.49,96818.31,0.67456096
96820.01,96854.76,96858.75,96814.48,0.92142822
96854.77,96853.4,96921.11,96853.23,1.07076289
96853.41,96822.55,96870.98,96822.53,0.32319113
96822.54,96841.63,96853.41,96765.57,0.96018467
96841.64,96938.73,96965.09,96841.64,3.35902757
96938.75,96945.41,96997.73,96938.75,0.98802712
96945.41,96970.17,96970.19,96937.76,0.5417002
96970.18,96978.0,96996.29,96970.17,0.81905366
96978.01,97034.99,97035.0,96978.0,3.09230421
97034.99,96932.32,97035.0,96932.32,1.2548518
96932.33,96919.84,96955.28,96919.83,0.52466141
96919.84,96924.41,96924.42,96913.51,0.34601405
96924.41,96910.86,96924.42,96910.85,0.62370595
96910.87,96929.36,96981.69,96879.61,0.8794009
96929.36,96976.18,96996.06,96929.35,2.01292478
96949.99,96917.72,96976.18,96917.7,1.19060806
96917.71,96894.02,96917.72,96894.0,1.33160925
96894.01,96894.5,96934.92,96894.01,1.16296442
96894.41,96795.15,96894.41,96794.29,1.61862504
96795.16,96785.08,96824.02,96772.23,1.93467781
96785.08,96819.69,96900.0,96785.08,1.83845947
96819.69,96768.33,96819.69,96768.32,0.69387242
96768.34,96656.25,97094.0,96653.45,4.89881661
96656.25,96906.91,96934.63,96656.25,4.15050363
96906.9,96949.85,96986.89,96845.32,2.1219698
96949.85,97040.32,97093.99,96949.85,0.84977353
97040.33,97072.39,97094.0,97038.27,0.91314338
97072.38,97142.07,97182.68,97072.38,1.21700192
97142.07,97142.7,97230.0,97142.07,1.54907524
97142.7,96971.02,97142.71,96971.02,1.87421662
96971.02,96765.37,96973.39,96765.37,1.08281093
96765.37,96825.51,96825.51,96765.37,0.5222082
96825.52,96839.16,96878.97,96825.52,0.45690936
96839.16,96879.29,96912.88,96839.16,2.20651238
96879.29,96880.23,97043.61,96879.29,1.88656855
96880.24,96802.4,96880.24,96706.25,1.87573903
96802.41,96876.55,96896.83,96763.21,0.78878053
96876.56,96830.67,96982.27,96799.32,3.71382718
96830.68,96845.97,96895.33,96779.45,1.97720482
96845.98,96764.35,96873.85,96720.34,0.70320428
96764.36,97000.01,97000.02,96764.36,2.76348041
97000.0,96923.4,97200.0,96923.37,2.59015764
96923.4,96813.84,96999.68,96728.74,1.31133591
96813.84,96953.47,96969.91,96812.21,1.68569554
96953.48,97058.82,97058.83,96896.32,3.06067194
97058.83,97110.28,97160.95,97058.82,3.86487538
97110.29,97209.7,97209.71,97109.4,5.24005473
97209.71,97570.37,97652.59,97209.71,15.42325945
97570.37,97339.42,97652.57,97308.55,3.53556231
97339.42,97598.4,97600.0,97339.42,2.46379796
97598.4,97656.54,97747.18,97561.66,2.07963263
97656.54,97755.19,97863.69,97656.53,3.08744324
97755.2,97680.0,97866.94,97674.51,8.7304159
97680.0,97635.45,97762.65,97632.26,7.11322101
97632.26,97538.69,97668.49,97530.42,3.75712524
97538.69,97571.49,97647.07,97538.69,0.68887428
97571.49,97408.33,97571.49,97375.38,4.37951767
97408.33,97200.0,97408.33,97073.06,4.22755994
97200.0,97344.98,97406.13,97091.07,4.38456054
97344.98,97378.64,97402.23,97321.05,0.48229344
97378.65,97430.72,97465.3,97349.12,0.54832487
97430.72,97449.72,97465.29,97384.38,1.57318533
97449.73,97320.59,97449.73,97304.76,1.49515106
97320.58,97322.27,97359.71,97319.34,0.99512895
97322.27,97684.43,97699.99,97322.27,4.0495963
97684.43,97643.45,97706.63,97627.81,0.79896617
97643.45,97540.55,97643.45,97540.25,1.1140396
97540.59,97659.49,97659.5,97501.4,2.05196082
97659.49,97692.23,97695.0,97645.95,1.14582801
97692.23,97611.53,97759.75,97611.52,2.39793876
97611.53,97614.18,97700.23,97562.85,1.89344306
97614.17,97582.08,97614.18,97552.48,2.34078217
97582.08,97640.44,97640.44,97533.85,0.6165222
97640.44,97522.75,97640.44,97522.75,1.14159522
97522.75,97450.21,97571.75,97450.21,1.81374817
97450.2,97356.55,97450.2,97356.55,0.6943458
97356.55,97256.01,97356.55,97240.48,1.30965547
97256.0,97138.02,97256.0,97138.02,0.19709554
97138.02,97112.29,97157.29,97057.01,1.84758732
97112.29,97194.6,97232.9,97100.89,1.46169742
97194.62,97237.82,97304.0,97194.62,1.38656599
97236.32,97284.49,97297.02,97236.31,0.84455064
97284.5,97359.7,97359.71,97284.5,2.09939074
97359.7,97377.0,97389.04,97336.71,0.71125775
97377.0,97245.6,97377.0,97245.58,1.53984648
97245.59,97220.48,97245.6,97220.46,0.59840535
97220.47,97293.25,97339.73,97220.47,3.01938875
97293.26,97345.36,97368.43,97293.26,2.57890397
97345.37,97411.83,97436.7,97345.36,1.91231677
97411.84,97410.28,97484.02,97410.26,1.98193499
97410.28,97504.02,97504.03,97410.27,2.57445059
97504.02,97487.66,97504.04,97487.65,0.9762272
97487.65,97445.23,97487.66,97441.16,0.91322807
97445.22,97441.18,97514.33,97441.17,1.15652727
97441.19,97485.96,97517.33,97441.17,1.19858807
97485.97,97517.31,97517.33,97485.97,1.14436047
97517.31,97537.32,97581.26,97517.31,0.95562647
97537.32,97454.27,97537.32,97454.26,1.80970567
97454.26,97247.63,97454.26,97226.17,1.88543596
97247.63,97167.02,97272.57,97167.0,0.21484082
97167.01,97100.01,97167.02,97100.01,0.3754878
97100.01,97071.02,97100.01,97009.17,0.9434767
97071.01,97017.93,97108.49,97017.91,1.25519862
97017.94,97041.24,97043.7,97017.82,0.35340131
97040.77,97117.46,97138.13,97040.77,0.75222398
97117.45,97136.63,97138.13,97117.45,0.94536908
97136.63,97011.17,97136.63,97011.17,2.10274315
97011.17,96964.82,97011.17,96964.81,1.65101096
96964.82,96891.47,96964.83,96856.93,2.27924934
96891.47,96800.0,96891.48,96800.0,1.52751334
96800.01,96883.78,96883.81,96800.0,1.32225464
96880.77,96878.96,97009.67,96874.2,2.18417641
96878.97,96909.4,96912.79,96834.36,0.44496916
96909.42,96979.75,97009.96,96909.42,2.23307458
96970.12,96980.75,97009.96,96970.12,0.9012888
96980.75,96970.01,96980.75,96970.01,1.15743819
96970.01,96959.31,96972.02,96918.75,1.08803346
96959.32,96961.84,96961.85,96959.31,0.13981025
96961.84,97011.86,97043.7,96961.84,0.80689126
97011.87,97051.72,97099.9,97011.87,3.12126714
97051.74,97048.01,97099.99,97048.0,1.57802071
97048.01,97050.01,97099.93,97046.81,1.35697505
97050.12,97028.0,97050.22,97028.0,1.00126886
97028.01,97026.28,97028.01,97026.27,0.15926099
97026.28,97026.33,97028.95,97026.27,0.42921016
97026.33,96990.19,97026.34,96990.09,0.3297057
96990.2,97015.85,97015.87,96990.2,0.7875792
97015.85,97014.3,97015.86,97014.3,0.43941625
97014.3,96931.21,97014.31,96931.21,0.73481884
96931.21,96931.2,96931.22,96931.2,0.23625013
96931.21,96931.2,96931.21,96931.19,0.58779978
96931.2,96835.92,96931.21,96835.92,0.2544793
96835.94,96798.1,96843.26,96798.04,1.06766594
96798.1,96666.63,96798.11,96666.61,1.00320216
96666.62,96666.63,96666.63,96666.61,0.26571483
96666.63,96745.01,96802.11,96582.65,1.22518054
96745.01,96650.34,96745.01,96650.34,0.73685694
96650.34,96660.9,96668.94,96635.96,0.16539907
96660.9,96614.32,96679.65,96614.31,0.55451807
96614.31,96584.6,96614.32,96584.58,0.20278694
96584.6,96633.79,96633.8,96584.59,0.19941843
96633.79,96669.99,96670.0,96633.79,0.62199957
96670.0,96749.11,96749.14,96669.99,0.38143623
96702.06,96691.38,96749.11,96691.38,1.59659475
96680.15,96620.52,96680.15,96620.52,0.22863707
96620.53,96620.62,96653.63,96620.52,0.20133299
96620.62,96622.04,96667.18,96620.61,0.18041642
96622.04,96620.52,96622.05,96620.52,0.0784931
96620.53,96601.8,96620.53,96601.79,0.60657638
96601.8,96667.16,96717.0,96601.8,0.54827655
96667.17,96714.67,96723.76,96667.15,0.26643561
96714.66,96695.05,96714.66,96666.15,0.24308179
96695.05,96757.26,96783.18,96695.05,1.13799683
96757.26,96686.04,96757.27,96686.02,0.66396207
96686.04,96786.59,96796.32,96686.03,1.42650219
96786.59,96777.84,96790.09,96760.17,0.52805266
96777.85,96798.32,96800.0,96777.84,0.23964382
96798.32,96822.7,96824.58,96798.32,1.34463878
96822.69,96822.7,96822.7,96822.69,0.1401447
96822.7,96856.43,96876.05,96822.69,0.40217962
96856.43,96876.05,96876.05,96854.0,0.67950929
96865.04,96827.05,96876.05,96827.01,0.60301478
96827.05,96822.81,96857.56,96822.81,0.07772478
96822.81,96821.43,96822.82,96778.7,0.42748061
96821.43,96794.71,96821.44,96794.71,0.45155089
96794.71,96768.24,96794.72,96768.23,0.3426411
96768.25,96738.83,96775.89,96738.82,0.61773067
96738.83,96741.53,96776.26,96738.32,0.51232077
96741.53,96695.85,96750.29,96695.82,0.92840828
96695.84,96667.25,96709.67,96667.25,2.34090942
96665.75,96650.37,96665.75,96650.34,0.67651037
96650.39,96650.55,96726.68,96650.27,0.22352221
96650.57,96637.44,96714.65,96637.43,1.63612559
96620.79,96602.57,96620.8,96602.56,0.16570506
96602.56,96601.8,96620.15,96601.8,0.29784635
96601.8,96560.02,96601.8,96545.56,1.30025687
96560.03,96546.83,96560.03,96546.82,0.1439146
96546.82,96574.73,96576.73,96546.81,0.32365825
96574.74,96481.84,96574.74,96476.01,1.01951133
96481.84,96481.81,96485.42,96473.61,0.65891886
96481.81,96457.32,96481.81,96457.28,0.59486429
96457.32,96457.33,96468.28,96457.32,0.22106462
96457.29,96473.96,96473.96,96397.8,0.62423114
96473.96,96494.9,96596.5,96443.16,2.68990856
96500.94,96598.22,96627.77,96500.13,0.93803547
96598.23,96641.63,96651.55,96598.22,0.57290446
96641.63,96641.64,96644.41,96641.61,1.02830445
96641.64,96638.87,96648.77,96613.54,1.48696542
96638.89,96639.21,96664.98,96638.89,0.13570078
96639.21,96637.11,96662.9,96618.63,0.15969343
96637.11,96668.14,96705.88,96637.11,0.08935124
96668.17,96653.93,96668.17,96653.68,0.33756304
96653.93,96619.36,96653.94,96619.36,0.36309465
96575.54,96577.0,96577.67,96550.39,1.52189078
96577.01,96562.15,96577.01,96562.15,0.12992418
96562.15,96552.84,96562.16,96552.84,0.22707945
96552.85,96548.54,96552.85,96548.53,0.57654942
96548.54,96548.53,96548.54,96548.53,0.27789242
96548.53,96511.2,96552.74,96511.17,6.42722454
96511.19,96439.85,96511.2,96421.19,1.48985113
96439.84,96431.56,96439.84,96431.56,0.1965611
96431.56,96400.03,96431.57,96400.02,0.7095946
96400.04,96400.01,96400.08,96400.01,0.16705684
96400.01,96339.79,96400.02,96339.5,1.90541963
96339.82,96413.48,96430.57,96339.82,0.72445845
96413.48,96456.62,96485.94,96413.48,1.66485487
96456.65,96348.21,96456.83,96347.59,1.14540972
96348.22,96332.63,96369.17,96332.63,0.28968794
96332.64,96361.97,96361.98,96321.77,0.14857085
96361.97,96403.1,96413.12,96359.85,0.46703269
96403.11,96413.69,96429.94,96403.11,0.71269806
96413.71,96415.96,96429.92,96403.13,1.99004477
96415.95,96499.99,96499.99,96415.95,0.76913435
96499.99,96467.2,96499.99,96467.19,0.13747533
96467.2,96467.19,96467.2,96467.19,0.42578908
96467.19,96492.36,96548.15,96467.19,2.41032321
96492.35,96545.93,96545.93,96478.71,0.36079773
96545.93,96522.81,96545.93,96522.8,0.4879169
96522.8,96495.55,96522.81,96495.52,0.29803028
96495.56,96495.56,96501.64,96495.55,0.40296902
96495.57,96495.57,96501.64,96495.56,0.18489116
96495.57,96491.26,96495.58,96491.26,0.39907389
96491.26,96422.0,96491.27,96421.99,0.44641781
96421.99,96491.51,96524.53,96421.99,1.02057034
96491.51,96534.82,96534.82,96491.5,0.56439538
96534.82,96540.0,96540.55,96534.81,0.27723663
96540.01,96497.51,96545.01,96497.5,0.44575229
96497.51,96536.9,96548.53,96497.51,0.73293555
96536.91,96548.53,96548.98,96536.9,0.39502457
96548.53,96549.02,96549.03,96548.53,0.25484816
96549.02,96449.96,96549.03,96449.02,1.01741048
96449.02,96449.02,96449.03,96449.0,0.52248384
96449.02,96403.13,96449.02,96403.13,0.18911732
96403.13,96335.81,96403.14,96335.81,1.55901655
96335.81,96335.89,96355.98,96335.81,0.73739964
96335.9,96250.28,96335.9,96250.0,1.19551422
96250.28,96267.91,96274.0,96250.28,0.45872942
96267.91,96206.23,96267.92,96206.23,1.2999566
96206.25,96226.56,96263.47,96206.23,2.10310467
96226.55,96280.25,96299.9,96226.55,1.64881051
96280.26,96280.27,96311.63,96280.25,0.36490727
96280.26,96226.0,96280.27,96226.0,0.90613706
96226.0,96200.8,96226.0,96129.2,2.08225748
96200.79,96162.19,96233.6,96162.19,0.75157346
96162.19,96172.51,96222.87,96160.63,0.66837544
96172.51,96221.17,96264.0,96171.42,0.63432563
96221.17,96202.98,96238.0,96202.82,1.82105195
96202.98,96203.99,96300.3,96202.97,1.3589821
96203.98,96162.4,96203.99,96162.39,0.84287876
96162.39,96202.37,96204.0,96162.39,1.19064097
96202.37,96244.89,96300.01,96199.49,1.2206905
96244.89,96284.22,96328.13,96244.88,1.50945507
96284.22,96309.8,96374.39,96284.22,1.73660896
96309.8,96376.49,96385.09,96309.79,0.70656315
96374.49,96354.06,96374.49,96354.05,0.71106786
96354.06,96323.7,96374.49,96312.86,0.51911435
96323.71,96222.01,96323.71,96222.01,1.26905583
96222.0,96180.95,96222.0,96180.95,0.63487835
96180.96,96162.63,96180.96,96162.63,2.15620888
96162.63,96160.33,96185.19,96160.33,0.35778392
96160.33,96167.59,96167.6,96160.33,0.3090196
96167.6,96259.57,96338.99,96167.59,9.51547632
96259.57,96297.1,96377.68,96259.57,2.23215178
96297.1,96372.59,96381.98,96297.09,1.71897663
96372.59,96354.79,96372.6,96354.77,1.98175202
96354.79,96357.46,96357.47,96350.36,0.38259152
96357.46,96312.36,96357.46,96312.36,0.22433874
96312.37,96280.0,96312.37,96280.0,1.56955015
96280.0,96303.3,96303.31,96279.99,0.70480516
96303.3,96259.89,96306.91,96259.89,0.27659732
96259.9,96240.4,96259.9,96240.39,0.58037153
96240.4,96271.0,96271.0,96240.39,0.79005059
96270.99,96306.93,96338.9,96270.99,2.40288604
96306.93,96321.03,96350.41,96306.93,1.79529077
96321.03,96267.67,96321.03,96267.67,1.02414595
96267.68,96262.37,96274.1,96262.37,0.97672053
96262.37,96262.64,96285.64,96262.37,0.55342622
96262.64,96300.0,96337.11,96262.63,2.70976731
96299.99,96262.02,96300.0,96262.01,0.47033458
96262.02,96215.03,96262.03,96214.98,0.60817298
96215.02,96207.41,96229.97,96207.4,0.24411783
96207.41,96181.72,96207.42,96181.72,0.17345315
96181.73,96143.99,96181.74,96143.97,1.37981495
96143.99,96144.02,96181.9,96143.99,1.01128181
96144.03,96155.09,96189.85,96144.03,2.24713175
96155.09,96151.4,96155.09,96151.38,0.24716883
96151.4,96118.94,96182.51,96118.94,3.22453352
96118.94,96049.03,96119.65,96049.02,1.45806465
96049.03,95933.71,96049.03,95906.06,4.74234611
95933.71,95934.59,96028.31,95906.06,3.05152929
95934.6,95930.32,95989.27,95930.31,3.15690656
95930.32,95873.87,95930.33,95873.85,1.34231501
95873.86,95917.23,95938.64,95872.99,1.27501976
95917.24,95917.26,95938.88,95917.23,1.34895955
95917.25,95905.36,95917.25,95905.34,1.75988212
95905.36,95955.02,95996.8,95905.35,0.95489897
95955.03,95961.04,95989.34,95955.02,0.87078386
95961.05,95987.93,95999.9,95961.04,0.73384713
95987.94,96013.34,96013.34,95920.66,2.98827339
96000.0,96017.55,96054.07,96000.0,1.70913849
96017.54,95916.01,96017.55,95916.01,3.01205957
95916.01,95935.91,95935.93,95905.0,0.6020291
95935.92,95960.0,95961.28,95935.91,0.33205135
95960.01,95910.49,95960.01,95910.41,0.67276221
95910.49,95911.08,95959.89,95910.48,0.41274821
95911.08,95910.56,95911.09,95910.55,0.45929378
95910.56,95901.72,95910.57,95901.7,0.40027825
95901.72,95957.92,95957.93,95901.72,0.3365392
95957.92,95990.99,96000.02,95957.92,1.64941003
95990.99,96012.56,96012.57,95988.89,0.26068574
96012.56,96012.0,96040.11,96012.0,0.70490109
96012.01,96077.44,96119.37,96012.0,0.75086889
96077.44,96083.02,96126.05,96077.44,0.57545776
96083.02,96102.83,96119.72,96083.02,0.29342652
96102.84,96102.77,96126.03,96102.77,0.24541194
96102.77,96106.57,96106.57,96102.77,0.49236499
96106.56,96100.56,96147.88,96100.55,1.75816417
96108.46,96148.75,96189.0,96100.56,2.9613368
96148.75,96148.85,96150.0,96148.75,0.5365179
96148.85,96157.17,96182.13,96148.84,0.35777417
96157.18,96173.66,96191.7,96157.17,1.48616723
96173.66,96220.09,96222.72,96173.66,0.75564917
96221.02,96209.44,96300.02,96192.97,1.17345542
96209.45,96222.3,96239.87,96209.44,1.38963862
96222.29,96213.85,96222.3,96213.83,1.81824003
96214.7,96214.7,96214.7,96214.68,2.26801296
96214.69,96257.6,96265.98,96214.69,0.41188156
96257.59,96218.17,96265.85,96124.4,4.08304721
96218.19,96262.33,96298.73,96218.19,6.18410508
96262.34,96350.0,96350.0,96262.34,3.98615081
96350.0,96294.6,96350.0,96294.6,1.02747699
96294.62,96303.0,96303.0,96284.82,0.97867339
96303.0,96324.15,96349.97,96302.99,1.47574016
96324.16,96348.83,96372.47,96324.15,1.95656421
96348.84,96302.5,96348.84,96297.18,0.06238932
96302.5,96310.37,96331.31,96302.5,0.90762469
96310.37,96346.72,96351.95,96287.49,0.94437564
96346.72,96306.99,96346.72,96306.97,0.63644374
96306.98,96329.94,96345.47,96306.97,0.79012273
96329.94,96337.98,96357.96,96310.77,0.9568919
96337.99,96443.21,96467.72,96337.98,0.82236173
96443.22,96443.28,96473.82,96443.21,0.41556601
96443.28,96443.28,96443.29,96443.28,0.88669774
96443.29,96431.23,96443.29,96431.23,0.99503243
96431.23,96407.07,96431.23,96317.77,1.39545703
96407.07,96407.09,96420.06,96407.07,0.5271349
96407.1,96431.95,96447.73,96407.09,0.4891574
96431.94,96436.51,96455.96,96431.94,0.63697702
96436.51,96425.21,96436.52,96425.19,0.55695727
96425.21,96407.08,96425.21,96407.08,1.00757601
96407.08,96348.69,96407.09,96316.94,0.48571131
96348.68,96400.02,96413.97,96348.68,2.09741392
96400.03,96365.97,96400.03,96365.96,0.58349417
96365.97,96333.49,96365.97,96333.46,1.93279471
96333.49,96300.0,96333.49,96300.0,0.86634111
96300.02,96240.38,96300.02,96240.37,0.57739722
96240.38,96226.27,96240.38,96226.26,1.29943527
96226.27,96263.1,96263.11,96226.27,0.37334106
96263.1,96214.28,96263.11,96214.27,1.56106549
96213.7,96132.1,96213.7,96132.1,0.91916354
96132.11,96126.26,96132.11,96126.26,0.81072163
96126.27,96109.75,96126.27,96081.85,0.76454771
96109.76,96170.78,96198.89,96109.76,3.8574069
96170.79,96170.79,96170.79,96170.78,0.1820141
96170.79,96136.79,96170.79,96101.94,1.99387818
96136.79,95997.56,96136.8,95992.39,1.96057108
95997.56,95977.63,95997.56,95962.14,1.3260411
95978.01,95944.4,95978.23,95944.4,1.76568269
95944.4,96033.3,96033.3,95926.26,1.72935716
96033.29,96062.91,96085.07,96033.29,0.91535485
96062.93,96066.88,96079.65,96053.69,2.61743284
96053.71,95978.3,96053.72,95978.3,0.45566052
95978.32,96038.51,96038.52,95978.31,0.52831923
96038.51,96126.04,96126.04,96038.51,1.59435454
96126.04,96127.65,96188.03,96126.04,1.23288537
96127.64,96141.5,96159.26,96127.64,2.25930465
96141.53,96126.27,96141.53,96126.26,0.59474091
96126.28,96147.96,96172.03,96126.26,0.44451683
96171.92,96164.46,96171.93,96164.45,0.64064249
96164.46,96170.27,96192.03,96164.45,1.32381632
96170.27,96216.05,96231.62,96170.27,0.50014083
96216.06,96142.37,96216.06,96142.36,0.19711095
96142.36,96140.39,96142.37,96140.38,1.08459238
96139.1,96127.1,96139.62,96127.08,0.77637934
96127.1,96096.55,96127.1,96096.54,0.302063
96096.54,96142.35,96142.36,96096.54,0.35227744
96142.35,96117.75,96142.36,96110.84,0.25037469
96117.76,96101.82,96117.76,96101.8,0.34946819
96101.81,96101.81,96101.82,96101.81,0.77835648
96101.82,96142.21,96142.35,96101.81,1.49993883
96142.21,96149.97,96149.98,96142.2,0.34208632
96149.97,96168.04,96191.73,96149.97,0.84053601
96168.05,96182.81,96199.98,96168.05,1.88186078
96182.82,96194.79,96213.06,96182.81,1.1255795
96195.03,96263.11,96263.11,96195.03,0.35204397
96263.1,96281.32,96341.85,96263.1,1.14759044
96281.32,96280.3,96281.32,96280.28,0.17686679
96280.29,96294.98,96324.1,96280.29,1.55083791
96295.13,96293.75,96346.43,96293.73,0.96177291
96293.75,96310.68,96353.99,96293.75,0.3215586
96314.03,96373.12,96397.24,96314.03,0.41421984
96373.12,96373.12,96373.12,96373.11,0.38138782
96373.11,96344.64,96373.12,96344.62,1.17103945
96344.63,96320.39,96344.64,96320.39,0.95402884
96320.39,96340.11,96343.92,96320.39,1.05655609
96340.12,96337.93,96340.12,96337.93,0.08739281
96337.94,96318.43,96337.94,96318.43,0.09967688
96318.42,96304.22,96318.43,96304.21,0.36881193
96304.22,96337.93,96337.94,96300.01,0.9234308
96337.93,96331.97,96337.94,96306.74,0.23909894
96331.97,96331.97,96331.98,96331.97,0.61116289
96331.97,96300.01,96331.98,96300.01,0.38243267
96300.01,96297.43,96300.02,96297.41,0.14862576
96297.42,96277.1,96297.43,96277.1,0.19556802
96277.11,96262.35,96277.12,96262.34,0.3021834
96262.35,96272.37,96307.91,96262.35,0.70076546
96272.37,96317.83,96317.86,96272.37,1.87487667
96317.83,96340.96,96365.99,96317.82,1.50375449
96340.96,96374.16,96398.73,96340.96,1.51495987
96372.73,96281.16,96373.28,96281.15,1.33355718
96281.15,96281.01,96281.15,96281.01,0.0633213
96281.01,96276.09,96281.01,96276.09,0.16184511
96276.09,96290.43,96335.03,96276.09,0.3710379
96290.43,96265.52,96290.44,96256.78,0.43768456
96265.52,96210.53,96309.0,96210.52,0.38974529
96210.53,96228.56,96335.08,96210.53,2.1777985
96228.55,96222.5,96228.56,96222.5,0.48158745
96222.51,96222.5,96222.51,96222.49,0.27465755
96222.49,96210.84,96222.5,96210.83,0.29866204
96210.84,96209.32,96210.85,96209.32,0.11607892
96209.33,96210.85,96210.85,96209.32,0.26926843
96210.84,96210.87,96230.02,96210.84,0.1787812
96210.86,96210.87,96229.46,96210.86,0.0431225
96210.87,96208.69,96210.88,96208.69,0.66994075
96208.69,96190.4,96208.7,96190.4,0.16763519
96190.39,96170.91,96190.4,96170.91,0.34561646
96158.78,96158.11,96158.79,96158.11,0.17483067
96158.11,96158.12,96158.12,96158.11,0.01959068
96158.11,96140.39,96158.12,96140.39,0.03112381
96140.39,96138.28,96140.39,96138.27,0.13243815
96138.28,96075.1,96138.28,96075.09,0.8210687
96073.02,95942.91,96073.02,95942.9,1.1758945
95942.9,95860.01,95991.87,95860.0,0.67146936
95860.01,95829.58,95860.01,95780.01,0.75071019
95829.59,95855.07,95898.04,95829.59,0.23911197
95855.07,95860.67,95952.83,95855.06,0.40016144
95855.17,95838.51,95856.81,95838.41,0.43102512
95838.5,95838.55,95865.01,95838.5,0.12200334
95838.56,95888.1,95888.1,95780.02,0.55943305
95854.52,95860.08,95914.1,95854.51,0.49184368
95860.1,95878.39,95943.88,95860.1,0.17009017
95878.39,95988.01,96006.48,95878.39,0.20214228
95988.0,95934.65,95988.01,95934.64,0.1381189
95934.64,95937.8,95955.05,95934.64,0.06485444
95937.81,95908.83,95937.81,95908.82,0.0420124
95892.41,95790.42,95892.41,95790.42,0.57119105
95790.42,95807.72,95834.12,95790.42,0.16761808
95799.96,95780.02,95836.23,95780.02,0.22145012
95780.03,95820.12,95828.82,95780.02,0.18236216
95820.13,95844.95,95859.12,95820.12,0.09846508
95844.95,95822.19,95844.95,95817.55,0.1838228
95825.26,95867.48,95920.6,95825.26,0.66941285
95867.47,95879.5,95937.26,95867.47,0.33905753
95879.53,95869.08,95934.1,95869.08,0.06936408
95862.46,95909.09,95919.1,95862.46,0.07288692
95909.09,95942.05,95942.07,95909.08,0.95473253
95942.06,95906.52,95942.06,95906.5,0.05304945
95906.52,95857.3,95906.52,95857.29,0.22996024
95857.3,95677.0,95857.3,95600.58,1.39918885
95677.0,95690.15,95690.15,95648.42,0.40213211
95690.15,95973.59,95999.96,95690.15,0.81493789
95973.59,96110.01,96128.53,95973.59,1.99317409
96094.19,96204.57,96219.95,96085.65,0.27440488
96204.57,96170.61,96244.08,96151.48,0.26417298
96162.86,96185.05,96216.21,96162.86,0.47762637
96185.04,96192.27,96192.28,96133.5,0.189761
96192.27,96259.09,96259.09,96180.89,0.17373799
96239.49,96159.38,96239.49,96144.66,0.46314454
96159.39,96076.79,96208.71,96076.79,0.24691631
96044.21,96047.8,96085.3,96044.2,0.16277262
96047.79,95910.39,96047.79,95832.02,1.16904104
95910.4,95868.57,95959.92,95868.56,1.23887511
95868.56,95833.08,95869.51,95803.96,0.7890408
95833.11,95882.68,95890.43,95833.11,0.3868381
95882.7,95819.36,95882.7,95819.36,0.2560402
95819.36,95690.89,95819.37,95689.46,1.20919442
95690.89,95742.47,95742.48,95690.89,0.41073015
95742.47,95693.61,95769.13,95693.61,0.34626376
95693.61,95706.54,95707.86,95693.61,0.25969018
95706.54,95763.56,95763.56,95698.34,1.4810987
95792.27,95771.04,95807.56,95763.58,0.31378383
95771.06,95810.23,95844.64,95771.06,0.77897793
95810.23,95754.13,95810.23,95722.69,0.54128916
95754.14,95807.87,95834.12,95754.14,0.78353097
95807.87,95818.69,95828.31,95807.87,0.27955903
95818.68,95735.91,95818.69,95735.91,0.19050474
95735.92,95780.72,95784.15,95735.91,1.28786393
95780.72,95799.99,95800.0,95780.71,0.16988364
95800.0,95808.16,95829.95,95800.0,0.58745896
95808.18,95890.42,95890.43,95808.18,0.32580936
95890.43,95890.42,95890.43,95854.35,0.87140858
95890.43,95890.43,95896.05,95890.42,0.10925163
95890.44,95800.01,95890.44,95800.0,0.19388949
95800.0,95784.68,95800.01,95784.68,0.13402653
95784.68,95760.92,95784.75,95760.92,0.31075271
95760.92,95769.55,95837.82,95751.84,0.88359171
95769.55,95745.62,95769.56,95740.43,0.41967185
95745.61,95731.85,95772.98,95731.84,0.82530484
95731.83,95862.11,95883.13,95700.0,4.00619931
95862.12,95913.1,95935.02,95862.11,0.66900203
95913.1,95871.72,95913.11,95871.71,0.14069986
95871.72,95795.42,95903.99,95795.42,1.04028351
95795.42,95881.08,95881.08,95795.42,1.43206388
95881.07,95905.54,95975.6,95881.07,1.76795947
95905.55,95932.21,95975.6,95905.54,0.69601569
95932.21,95901.25,95932.22,95901.24,0.36422552
95901.25,95932.24,95960.09,95901.24,0.7974458
95932.24,95976.8,96000.0,95932.23,1.2330382
95976.82,96012.46,96060.06,95976.82,0.41608005
96012.46,96048.96,96104.7,96012.46,1.01391534
96048.96,96104.94,96114.02,96040.42,1.04747177
96104.95,96018.17,96104.95,95992.67,0.84003394
96018.17,95980.14,96018.18,95980.11,0.59691599
95980.13,95993.2,96055.8,95980.13,0.8920671
95993.2,95943.17,95993.2,95943.16,0.36174372
95943.17,95948.41,95958.09,95943.17,0.43714922
95948.41,95918.5,95948.42,95918.49,0.31859089
95918.5,95902.97,95918.5,95895.57,1.52848971
95902.98,95877.55,95902.98,95870.72,0.44181362
95877.54,95929.65,95930.09,95877.54,0.99317987
95929.66,95931.43,95948.4,95929.66,0.25382119
95931.43,95916.44,95931.44,95916.43,1.09453403
95916.44,95891.01,95916.45,95890.99,0.53129556
95891.0,95890.01,95891.01,95890.01,0.69178143
95890.01,96017.78,96057.91,95890.01,1.72153831
96017.78,95965.61,96044.17,95965.61,0.7242399
95965.61,95933.34,95965.62,95933.32,0.86890841
95933.33,95900.0,95933.34,95900.0,1.52010793
95900.01,95844.41,95900.01,95844.41,0.61520204
95844.41,95826.56,95844.41,95826.55,0.99895393
95826.55,95807.17,95826.55,95807.13,0.55846476
95807.17,95819.94,95854.03,95807.16,0.73430953
95819.93,95820.11,95854.12,95819.93,0.90757178
95820.11,95818.07,95840.04,95818.03,0.33716581
95818.09,95840.33,95876.65,95818.09,0.1717653
